frame,time,x_0,y_0,z_0,x_1,y_1,z_1,x_2,y_2,z_2,x_3,y_3,z_3,x_4,y_4,z_4,x_5,y_5,z_5,x_6,y_6,z_6,x_7,y_7,z_7,x_8,y_8,z_8,x_9,y_9,z_9,x_10,y_10,z_10,x_11,y_11,z_11,x_12,y_12,z_12,x_13,y_13,z_13,x_14,y_14,z_14,x_15,y_15,z_15,x_16,y_16,z_16,x_17,y_17,z_17,x_18,y_18,z_18,x_19,y_19,z_19,x_20,y_20,z_20
74,2.466666666666667,0.2458341270685196,0.6423358917236328,-5.33188826423725e-09,0.26308006048202515,0.660282552242279,-0.028527691960334778,0.2734279930591583,0.6693737506866455,-0.047913990914821625,0.26723167300224304,0.6703919768333435,-0.06255218386650085,0.2570222318172455,0.6659915447235107,-0.0761699452996254,0.3119867444038391,0.6463032364845276,-0.051320914179086685,0.284831166267395,0.655818521976471,-0.07672901451587677,0.26053571701049805,0.6628655791282654,-0.09136566519737244,0.24950316548347473,0.6660326719284058,-0.099561408162117,0.29651427268981934,0.6309719085693359,-0.04635936766862869,0.27130433917045593,0.6436169743537903,-0.07270566374063492,0.24798515439033508,0.6553225517272949,-0.08126139640808105,0.23825883865356445,0.661732017993927,-0.08570727705955505,0.2776423990726471,0.6204911470413208,-0.04285763204097748,0.2535576820373535,0.633934736251831,-0.06909387558698654,0.23468713462352753,0.6455831527709961,-0.07225286960601807,0.2291537970304489,0.6524555683135986,-0.0706719234585762,0.2609179615974426,0.6137951016426086,-0.04094240814447403,0.24042260646820068,0.6228799819946289,-0.05957041680812836,0.22724053263664246,0.6327458620071411,-0.062415990978479385,0.22307154536247253,0.6395856738090515,-0.06236504390835762
78,2.6,0.8976017832756042,0.46246394515037537,4.77947935451084e-07,0.9326569437980652,0.5000451803207397,-0.09374969452619553,0.9300312995910645,0.5414022207260132,-0.1630069613456726,0.9196837544441223,0.5813736915588379,-0.198555588722229,0.9144684076309204,0.6249058246612549,-0.2267531007528305,0.8221525549888611,0.521499752998352,-0.27323776483535767,0.8096311092376709,0.5824404954910278,-0.3260537385940552,0.7984231114387512,0.6203916072845459,-0.34710150957107544,0.7904396057128906,0.6515709757804871,-0.36465179920196533,0.7794004678726196,0.5152236223220825,-0.22051499783992767,0.7269139289855957,0.5788342952728271,-0.28707998991012573,0.7126075029373169,0.6204402446746826,-0.3067178428173065,0.700454831123352,0.6538641452789307,-0.32542216777801514,0.7522948384284973,0.5123985409736633,-0.1529204249382019,0.7381762266159058,0.5640743374824524,-0.15567459166049957,0.7878046035766602,0.5660194754600525,-0.10945038497447968,0.8150630593299866,0.5626510381698608,-0.08895484358072281,0.738371729850769,0.5113106369972229,-0.09306645393371582,0.7405995726585388,0.5502524971961975,-0.08347117900848389,0.7778648734092712,0.5570300817489624,-0.05589785426855087,0.7997356057167053,0.5579565167427063,-0.041564781218767166
79,2.6333333333333333,0.8852314352989197,0.46465396881103516,5.90789852594753e-07,0.9296353459358215,0.5062310695648193,-0.0968395471572876,0.9277903437614441,0.5479463934898376,-0.16655313968658447,0.922116756439209,0.5855570435523987,-0.2048303484916687,0.9206377863883972,0.6242300271987915,-0.2383691966533661,0.8148638606071472,0.5290849804878235,-0.252384752035141,0.805286169052124,0.5892966985702515,-0.297538161277771,0.7958140969276428,0.627065896987915,-0.3117832541465759,0.7899783849716187,0.6571056842803955,-0.322439044713974,0.7728242874145508,0.5220011472702026,-0.2007710486650467,0.7218219041824341,0.5824525356292725,-0.2569883465766907,0.706768274307251,0.62507164478302,-0.2697833776473999,0.6954910755157471,0.6604370474815369,-0.2803347408771515,0.7461567521095276,0.5179310441017151,-0.13726967573165894,0.7352463006973267,0.5698952674865723,-0.14318346977233887,0.7784780263900757,0.57967209815979,-0.10598894953727722,0.8037165999412537,0.584861695766449,-0.08848752826452255,0.7308576107025146,0.5165409445762634,-0.08115682005882263,0.7386104464530945,0.5541043877601624,-0.07545235008001328,0.7761240601539612,0.5635373592376709,-0.05232713744044304,0.7968201637268066,0.5678338408470154,-0.03964586183428764
80,2.6666666666666665,0.8861489295959473,0.4667438268661499,6.088956183702976e-07,0.9264405369758606,0.5091875791549683,-0.08963486552238464,0.9249164462089539,0.5520244240760803,-0.1521364152431488,0.9206364750862122,0.5898119807243347,-0.18316780030727386,0.9219673275947571,0.6287427544593811,-0.2082178294658661,0.8118550777435303,0.537013053894043,-0.24257469177246094,0.8023938536643982,0.5968436598777771,-0.27993640303611755,0.7941738367080688,0.6353045701980591,-0.28964242339134216,0.7900798916816711,0.6654278039932251,-0.2979290187358856,0.7722923159599304,0.5275800824165344,-0.19036683440208435,0.7185922861099243,0.5886081457138062,-0.23569779098033905,0.7033894062042236,0.6307192444801331,-0.2444017082452774,0.6934672594070435,0.6639846563339233,-0.25403130054473877,0.7480653524398804,0.5221562385559082,-0.12549541890621185,0.7337290048599243,0.5733761787414551,-0.11913037300109863,0.7780547738075256,0.5767305493354797,-0.07837849110364914,0.8045153617858887,0.5758486390113831,-0.06072845309972763,0.7326024174690247,0.5198634266853333,-0.06779278814792633,0.7397578358650208,0.5568509101867676,-0.053943656384944916,0.7768477201461792,0.5635084509849548,-0.029405612498521805,0.7979789972305298,0.5659366846084595,-0.016748344525694847
81,2.7,0.8922411799430847,0.4703146517276764,6.025616698934755e-07,0.9334906339645386,0.5118407607078552,-0.09765996038913727,0.9278295636177063,0.5545310974121094,-0.16252511739730835,0.919583261013031,0.5928372144699097,-0.1946229338645935,0.9224900007247925,0.6333951950073242,-0.221136674284935,0.8134756684303284,0.5374574661254883,-0.24793632328510284,0.7976514101028442,0.5987964272499084,-0.2849157452583313,0.7905120849609375,0.6371978521347046,-0.29209649562835693,0.786862313747406,0.6671792268753052,-0.297655314207077,0.7705936431884766,0.5287997126579285,-0.19043239951133728,0.7176750302314758,0.5916723608970642,-0.23926444351673126,0.7041565775871277,0.6351839900016785,-0.2463972270488739,0.6973482966423035,0.668660581111908,-0.25249379873275757,0.744162917137146,0.5229148864746094,-0.12086886912584305,0.7350212931632996,0.5771648287773132,-0.11960121244192123,0.7787054181098938,0.5866134166717529,-0.0811818540096283,0.8061225414276123,0.5885235667228699,-0.06238243356347084,0.7309492230415344,0.5204065442085266,-0.05867747962474823,0.7398832440376282,0.5593918561935425,-0.04855915904045105,0.7782310247421265,0.5712819695472717,-0.026451637968420982,0.801662802696228,0.575412929058075,-0.013994595967233181
82,2.7333333333333334,0.8921676874160767,0.473161518573761,4.30010516083712e-07,0.9325087070465088,0.5139676332473755,-0.0889718309044838,0.9262012243270874,0.5577279329299927,-0.1459008753299713,0.9201444983482361,0.5968126058578491,-0.1716947704553604,0.9233006834983826,0.6371670961380005,-0.19252589344978333,0.8123239278793335,0.5403811931610107,-0.22785770893096924,0.796846330165863,0.6046342849731445,-0.2655838429927826,0.7892048358917236,0.6428005695343018,-0.27755841612815857,0.7833172082901001,0.6737815141677856,-0.2854427695274353,0.768481433391571,0.5307056903839111,-0.17355403304100037,0.7151588797569275,0.5952318906784058,-0.21620386838912964,0.7020779252052307,0.6374720335006714,-0.22247983515262604,0.6985734701156616,0.6708223819732666,-0.22759877145290375,0.7417087554931641,0.5251205563545227,-0.10836275666952133,0.7361913323402405,0.581842303276062,-0.10609713941812515,0.7777445316314697,0.5942496657371521,-0.07280903309583664,0.8035199046134949,0.5996534824371338,-0.05634160712361336,0.7295615673065186,0.523082435131073,-0.04962848499417305,0.7426767349243164,0.5627177357673645,-0.03706797584891319,0.7814452648162842,0.5756888389587402,-0.014710683375597,0.8051137924194336,0.5810801982879639,-0.0016447388334199786
83,2.7666666666666666,0.8954466581344604,0.47587648034095764,3.8893912801540864e-07,0.9319642782211304,0.5189368724822998,-0.08335337042808533,0.9235231876373291,0.562247097492218,-0.13478562235832214,0.9177937507629395,0.6014803647994995,-0.15652678906917572,0.9200630187988281,0.6418992877006531,-0.17321933805942535,0.8061794638633728,0.545747697353363,-0.21043933928012848,0.7906256914138794,0.6099132895469666,-0.24045555293560028,0.7843398451805115,0.6477034091949463,-0.2483803778886795,0.7798106074333191,0.678479790687561,-0.25388380885124207,0.7640968561172485,0.5355809330940247,-0.15626002848148346,0.7118229866027832,0.5987486839294434,-0.19086508452892303,0.6982797384262085,0.641240656375885,-0.19527196884155273,0.6966246366500854,0.6747661232948303,-0.19994916021823883,0.7395898699760437,0.528193473815918,-0.09152024984359741,0.7324399352073669,0.581537127494812,-0.08230726420879364,0.7737689018249512,0.593484103679657,-0.05154925957322121,0.8013806939125061,0.598381757736206,-0.03788407891988754,0.7291730642318726,0.524531364440918,-0.03289233148097992,0.7404813766479492,0.5612173676490784,-0.015506631694734097,0.7788756489753723,0.5741811990737915,0.004857372492551804,0.8043215274810791,0.5795124769210815,0.015672173351049423
84,2.8,0.8992458581924438,0.47602641582489014,2.5251944180126884e-07,0.9309168457984924,0.518329381942749,-0.07029429823160172,0.9234099388122559,0.5639222860336304,-0.11590105295181274,0.9154048562049866,0.6046717166900635,-0.13573378324508667,0.919197678565979,0.6454069018363953,-0.15138094127178192,0.8052825331687927,0.5464041829109192,-0.18987587094306946,0.7875868082046509,0.6128169894218445,-0.2177095264196396,0.7818658947944641,0.6501554250717163,-0.2230149656534195,0.7768170237541199,0.6816429495811462,-0.2261570692062378,0.7581291198730469,0.5352545976638794,-0.14511848986148834,0.707755446434021,0.6024203300476074,-0.1821783483028412,0.6941148638725281,0.6446579694747925,-0.18563400208950043,0.6929926872253418,0.6773314476013184,-0.187021404504776,0.7332958579063416,0.5271362066268921,-0.08965721726417542,0.7282010316848755,0.5834499597549438,-0.08922766894102097,0.7649697065353394,0.6011303067207336,-0.061319749802351,0.7930862903594971,0.6091660857200623,-0.045452702790498734,0.7274959087371826,0.5228896141052246,-0.03855467960238457,0.7385623455047607,0.5634925365447998,-0.02770543098449707,0.773402988910675,0.5805001854896545,-0.006998501252382994,0.7993106245994568,0.5880496501922607,0.006800028029829264
85,2.8333333333333335,0.8951383829116821,0.47860661149024963,1.4437010520396143e-07,0.9315075874328613,0.5191238522529602,-0.0723748654127121,0.9232926368713379,0.5651617646217346,-0.11302023380994797,0.9132911562919617,0.6065008044242859,-0.12700653076171875,0.9219743013381958,0.6479570269584656,-0.13754858076572418,0.8072048425674438,0.5467908382415771,-0.18166112899780273,0.7927905321121216,0.6157890558242798,-0.2021637111902237,0.7851823568344116,0.6536646485328674,-0.2027253955602646,0.7756177186965942,0.6857008934020996,-0.20291410386562347,0.7594708800315857,0.5386460423469543,-0.1350257247686386,0.7093254923820496,0.6082621216773987,-0.15886247158050537,0.6983992457389832,0.6484091877937317,-0.15400449931621552,0.6972042322158813,0.6797147989273071,-0.1508847028017044,0.7337033748626709,0.5314856171607971,-0.07932773232460022,0.7233029007911682,0.5861639976501465,-0.0754196047782898,0.7609227895736694,0.6034834384918213,-0.05299311876296997,0.7878624200820923,0.6118572354316711,-0.04139219969511032,0.7271277904510498,0.5276879072189331,-0.027926228940486908,0.7338942289352417,0.5657203197479248,-0.016131194308400154,0.7690123915672302,0.5825772285461426,0.0006618851330131292,0.7952288389205933,0.589689314365387,0.010633863508701324
86,2.8666666666666667,0.8977721333503723,0.4807700216770172,1.3350540939427447e-07,0.931312084197998,0.5211616158485413,-0.06861019134521484,0.9223148822784424,0.5689970254898071,-0.10798850655555725,0.9116385579109192,0.6112067699432373,-0.12184350192546844,0.9209415316581726,0.6519917249679565,-0.1325961947441101,0.807574987411499,0.5499483942985535,-0.1781264692544937,0.7918693423271179,0.6209626197814941,-0.19623298943042755,0.7845461368560791,0.658916711807251,-0.19331668317317963,0.7759614586830139,0.6910021901130676,-0.19092649221420288,0.7576629519462585,0.5410245656967163,-0.1338953673839569,0.7086641788482666,0.6114793419837952,-0.15635932981967926,0.698430597782135,0.6514490842819214,-0.14873754978179932,0.698794424533844,0.6823136806488037,-0.14308695495128632,0.7311679124832153,0.5335082411766052,-0.0804230123758316,0.7251898050308228,0.589645266532898,-0.07623643428087234,0.7614689469337463,0.606284499168396,-0.05338054522871971,0.7888780832290649,0.6133692860603333,-0.040989603847265244,0.7255776524543762,0.529532253742218,-0.030882731080055237,0.7354105114936829,0.5682471394538879,-0.019495368003845215,0.7701036334037781,0.5850741863250732,-0.002886087168008089,0.7965816855430603,0.5915738344192505,0.007369049824774265
87,2.9,0.903754472732544,0.4815937280654907,4.508135376113387e-08,0.9302075505256653,0.5234549641609192,-0.0563146136701107,0.9205014705657959,0.5724731683731079,-0.08952422440052032,0.9120172262191772,0.616012692451477,-0.10075091570615768,0.9230252504348755,0.6550325155258179,-0.10922931134700775,0.8040972948074341,0.5525432825088501,-0.15662522614002228,0.7912396192550659,0.6252066493034363,-0.17314334213733673,0.7862903475761414,0.6631486415863037,-0.17079299688339233,0.7805330753326416,0.694816529750824,-0.1685042828321457,0.7546287178993225,0.5424622297286987,-0.12007899582386017,0.708074688911438,0.6144129037857056,-0.1417008936405182,0.6988849639892578,0.6543949842453003,-0.1360778659582138,0.7010462284088135,0.6849201321601868,-0.13128463923931122,0.7302542924880981,0.5338878631591797,-0.07433623820543289,0.7267255187034607,0.5896028280258179,-0.07105611264705658,0.7637086510658264,0.6051614284515381,-0.050500303506851196,0.7930580377578735,0.6111599206924438,-0.03839777037501335,0.7273098230361938,0.5287187099456787,-0.031564176082611084,0.7364938259124756,0.5671433210372925,-0.01930507831275463,0.7707312107086182,0.5829048752784729,-0.0016352403908967972,0.7981132864952087,0.5880788564682007,0.010044190101325512
88,2.933333333333333,0.9096713662147522,0.4809315800666809,-6.760736681599155e-08,0.9336079955101013,0.5227194428443909,-0.04479574039578438,0.9233212471008301,0.5732588768005371,-0.07299108803272247,0.909769594669342,0.6187018156051636,-0.08571185916662216,0.9224661588668823,0.6567772626876831,-0.09671850502490997,0.8026154041290283,0.5528680682182312,-0.1201506108045578,0.7896027565002441,0.6277308464050293,-0.1360270231962204,0.7864043116569519,0.664989173412323,-0.13430993258953094,0.7827713489532471,0.6949790716171265,-0.13131101429462433,0.7509180307388306,0.5422059893608093,-0.09562423080205917,0.7062918543815613,0.617832362651825,-0.12011904269456863,0.7003287076950073,0.657850444316864,-0.11739836633205414,0.7045793533325195,0.6866487860679626,-0.11143402755260468,0.7282342314720154,0.5329047441482544,-0.06396172195672989,0.723677933216095,0.5905914306640625,-0.07311861962080002,0.7581303715705872,0.6079631447792053,-0.05931078642606735,0.7882070541381836,0.6145545840263367,-0.046341460198163986,0.7274618148803711,0.5268692374229431,-0.034052420407533646,0.7325494289398193,0.5686635971069336,-0.03095714934170246,0.7636792063713074,0.5848771929740906,-0.015139633789658546,0.7908578515052795,0.5896759629249573,-0.0014638063730672002
89,2.966666666666667,0.908592700958252,0.4824918806552887,-6.177657496664324e-08,0.9324228763580322,0.5234935283660889,-0.04759782552719116,0.9231053590774536,0.5738723874092102,-0.07770240306854248,0.9110751152038574,0.620313286781311,-0.0914946123957634,0.9254150986671448,0.6592820882797241,-0.10349226742982864,0.8022817969322205,0.5545608401298523,-0.12583689391613007,0.7898676991462708,0.6317813396453857,-0.14094850420951843,0.7870329022407532,0.6696817874908447,-0.13765239715576172,0.7836720943450928,0.6986156702041626,-0.1333964616060257,0.7512028813362122,0.544748067855835,-0.09888574481010437,0.7041322588920593,0.6207275390625,-0.12253579497337341,0.698980987071991,0.6591842174530029,-0.11874105781316757,0.7045524716377258,0.6863901615142822,-0.11200083792209625,0.7289193868637085,0.5369701981544495,-0.06460505723953247,0.7244495153427124,0.5960378050804138,-0.07255258411169052,0.7586236000061035,0.612645149230957,-0.058966685086488724,0.788088858127594,0.6187764406204224,-0.04654117301106453,0.7284378409385681,0.5327248573303223,-0.03208395093679428,0.7305526733398438,0.5762755870819092,-0.02768401987850666,0.7606422901153564,0.5930383205413818,-0.01168623473495245,0.7882805466651917,0.5984683036804199,0.0018201988423243165
90,3.0,0.9103571176528931,0.48281604051589966,-7.784802846799721e-08,0.9354004263877869,0.52351313829422,-0.051502857357263565,0.9249394536018372,0.574444591999054,-0.08302921801805496,0.9112691283226013,0.6215876340866089,-0.09835346788167953,0.9265888929367065,0.6608409285545349,-0.11215582489967346,0.799648642539978,0.5547811985015869,-0.12485521286725998,0.7880963683128357,0.6323502063751221,-0.14377738535404205,0.7869881391525269,0.6709012985229492,-0.1447509229183197,0.7861695885658264,0.700654923915863,-0.14315840601921082,0.7482638955116272,0.5454745292663574,-0.09784650802612305,0.700228214263916,0.6206235289573669,-0.1249060407280922,0.6982585787773132,0.6610550880432129,-0.12470781803131104,0.7075920104980469,0.6900801062583923,-0.11989208310842514,0.7283397912979126,0.537494421005249,-0.0643373504281044,0.7252940535545349,0.5972111225128174,-0.07612715661525726,0.7622818350791931,0.6149611473083496,-0.06476638466119766,0.7928289771080017,0.6215068697929382,-0.0529179684817791,0.730652391910553,0.5330402851104736,-0.03300268203020096,0.7366132736206055,0.5764851570129395,-0.03237473592162132,0.7683427929878235,0.5932903289794922,-0.018482336774468422,0.7956119179725647,0.5985289812088013,-0.005893530789762735
91,3.033333333333333,0.9098396301269531,0.48363086581230164,-6.6287192623804e-08,0.9347836971282959,0.5254202485084534,-0.05060294270515442,0.9244261384010315,0.575729489326477,-0.08134561032056808,0.9121246933937073,0.621913492679596,-0.09385985136032104,0.9250506162643433,0.6616698503494263,-0.10404278337955475,0.8037517070770264,0.5572243332862854,-0.13492323458194733,0.7893325686454773,0.6338943839073181,-0.1483883559703827,0.7871310710906982,0.6720113754272461,-0.14248131215572357,0.7865088582038879,0.7013464570045471,-0.13634133338928223,0.7521861791610718,0.5477802157402039,-0.1042226180434227,0.6998623609542847,0.6213999390602112,-0.12827390432357788,0.6972195506095886,0.6609095335006714,-0.12339761108160019,0.7078882455825806,0.689862847328186,-0.11551425606012344,0.730222225189209,0.5397921204566956,-0.06535657495260239,0.7255232930183411,0.5995467305183411,-0.06983517855405807,0.7635212540626526,0.6157540082931519,-0.05416528135538101,0.794619083404541,0.6215503811836243,-0.04115268588066101,0.7315661907196045,0.5354129076004028,-0.028484642505645752,0.7373930215835571,0.5776965022087097,-0.019716914743185043,0.769210159778595,0.5941380262374878,-0.0027741596568375826,0.7969418168067932,0.5990908741950989,0.010480794124305248
92,3.066666666666667,0.916008710861206,0.48432350158691406,-6.564680887777286e-08,0.9381226301193237,0.525656521320343,-0.0473511703312397,0.9258509874343872,0.5768701434135437,-0.07670869678258896,0.9115272760391235,0.6237989664077759,-0.09002189338207245,0.9265841841697693,0.6621626019477844,-0.10126041620969772,0.8034871816635132,0.5569150447845459,-0.12192832678556442,0.7906889319419861,0.6331878900527954,-0.13661938905715942,0.7888765931129456,0.6707732677459717,-0.13315677642822266,0.7875636219978333,0.700210690498352,-0.1288251131772995,0.7509100437164307,0.5476858019828796,-0.09495652467012405,0.6994479894638062,0.6210469603538513,-0.12071113288402557,0.697353184223175,0.6616529822349548,-0.11780248582363129,0.7079512476921082,0.6910985112190247,-0.11055536568164825,0.7299696803092957,0.5395189523696899,-0.060707394033670425,0.723249614238739,0.6008579730987549,-0.06991919130086899,0.761907696723938,0.6198484301567078,-0.05552361160516739,0.7954146265983582,0.627076268196106,-0.04148578271269798,0.7329225540161133,0.5349291563034058,-0.028230544179677963,0.737045407295227,0.578956663608551,-0.024474086239933968,0.769225537776947,0.5968634486198425,-0.008660493418574333,0.7979375123977661,0.6027892231941223,0.005202851723879576
93,3.1,0.9164292216300964,0.4877955913543701,-7.053593975570038e-08,0.9366657733917236,0.5282406210899353,-0.046057868748903275,0.9256507158279419,0.5780197978019714,-0.07537480443716049,0.9124723672866821,0.6243260502815247,-0.08800720423460007,0.9239681959152222,0.6632497310638428,-0.09817345440387726,0.8037499785423279,0.5595729947090149,-0.12543678283691406,0.7909711599349976,0.6358176469802856,-0.1387823522090912,0.7884521484375,0.6733680963516235,-0.13345660269260406,0.7870796322822571,0.7022987604141235,-0.1276426613330841,0.752379834651947,0.5501288771629333,-0.09705999493598938,0.697910726070404,0.6214964985847473,-0.12246396392583847,0.6953350901603699,0.6610607504844666,-0.11868313699960709,0.7068963050842285,0.6900961399078369,-0.11072016507387161,0.7313265204429626,0.542163074016571,-0.060616105794906616,0.7253371477127075,0.601881206035614,-0.06592371314764023,0.7632939219474792,0.6194173097610474,-0.05023031309247017,0.7950294613838196,0.6261330246925354,-0.03628861531615257,0.734296977519989,0.5378807783126831,-0.02586241625249386,0.7379050254821777,0.5801429748535156,-0.016969293355941772,0.7695700526237488,0.5975193977355957,0.0004935264587402344,0.7977229356765747,0.6033198237419128,0.014697234146296978
94,3.1333333333333333,0.9175945520401001,0.4900549054145813,-8.727015199383459e-08,0.9380067586898804,0.530085563659668,-0.051329221576452255,0.9269804954528809,0.5793235301971436,-0.08490335941314697,0.9141513705253601,0.6254228353500366,-0.1011405810713768,0.9248581528663635,0.6650075912475586,-0.115218885242939,0.8067010045051575,0.558269739151001,-0.13517451286315918,0.7919082045555115,0.6349539160728455,-0.15225151181221008,0.7906216382980347,0.6729315519332886,-0.14836078882217407,0.7913432121276855,0.7022621035575867,-0.1431049406528473,0.7540808320045471,0.5491766929626465,-0.10631770640611649,0.698631763458252,0.6214479207992554,-0.1341075450181961,0.6989274024963379,0.6613667011260986,-0.1304616630077362,0.713420033454895,0.6906459331512451,-0.1225811168551445,0.7320936918258667,0.5416464805603027,-0.06973346322774887,0.7233942747116089,0.6029918193817139,-0.07875511795282364,0.7623009085655212,0.6213840246200562,-0.06373152881860733,0.794921875,0.628690779209137,-0.050153326243162155,0.7347343564033508,0.5380249619483948,-0.035131268203258514,0.7370433807373047,0.5809537768363953,-0.030560985207557678,0.7692395448684692,0.5985164046287537,-0.014440560713410378,0.7978054285049438,0.6043252944946289,-0.0010033980943262577
95,3.1666666666666665,0.9224796295166016,0.49443456530570984,-1.155089250914898e-07,0.9387908577919006,0.5332494378089905,-0.05264769494533539,0.9269332885742188,0.5814685225486755,-0.08637599647045135,0.915748119354248,0.627443253993988,-0.10255258530378342,0.9248552918434143,0.6666487455368042,-0.11642609536647797,0.8063504695892334,0.5597917437553406,-0.1355564445257187,0.7927282452583313,0.6362087726593018,-0.15134820342063904,0.7920113801956177,0.673907995223999,-0.1456642746925354,0.7929667830467224,0.7028414607048035,-0.13915899395942688,0.7547101378440857,0.5505411624908447,-0.10669398307800293,0.6992827653884888,0.6230418682098389,-0.13395488262176514,0.7015270590782166,0.6627047657966614,-0.12974683940410614,0.7189162969589233,0.6913871169090271,-0.12116238474845886,0.733948826789856,0.543135941028595,-0.07029841840267181,0.7216892838478088,0.6035254001617432,-0.08063597232103348,0.7602493166923523,0.6217851638793945,-0.06722166389226913,0.7934344410896301,0.6292800903320312,-0.05428354814648628,0.7372676134109497,0.5392999053001404,-0.035728875547647476,0.7364171147346497,0.5820758938789368,-0.032478392124176025,0.768428385257721,0.5995208024978638,-0.017242956906557083,0.7976185083389282,0.6054048538208008,-0.004118506796658039
96,3.2,0.9310236573219299,0.4981945753097534,-1.456137255217982e-07,0.9431658387184143,0.5372456312179565,-0.05045653134584427,0.9291827082633972,0.5847356915473938,-0.08339285105466843,0.9164663553237915,0.6305772662162781,-0.09987158328294754,0.9232797622680664,0.6689187288284302,-0.1139652207493782,0.8065891861915588,0.5632729530334473,-0.12797334790229797,0.7906323075294495,0.6382612586021423,-0.14464373886585236,0.7913368940353394,0.6750792860984802,-0.14026521146297455,0.7949668169021606,0.7030304670333862,-0.13386105000972748,0.755909264087677,0.5514194369316101,-0.10116705298423767,0.6950740814208984,0.6230105757713318,-0.12941069900989532,0.6984544992446899,0.6610214114189148,-0.1253153383731842,0.7186553478240967,0.6876585483551025,-0.11541970819234848,0.7364624738693237,0.5423480868339539,-0.06736938655376434,0.7205094695091248,0.6024200916290283,-0.07929307967424393,0.7577218413352966,0.6208934187889099,-0.0660182535648346,0.7910652756690979,0.6282047629356384,-0.05170537903904915,0.7403775453567505,0.5373403429985046,-0.03526463732123375,0.7377423644065857,0.5806753635406494,-0.031934451311826706,0.7689515948295593,0.5977362394332886,-0.015461485832929611,0.7978041768074036,0.6032321453094482,-0.0006145600927993655
97,3.2333333333333334,0.9372298121452332,0.5019944906234741,-1.762765435842084e-07,0.9430464506149292,0.5409037470817566,-0.04671633988618851,0.9278669953346252,0.587604820728302,-0.07816856354475021,0.9164791107177734,0.6330249309539795,-0.09323515743017197,0.9211289882659912,0.6714074015617371,-0.10578803718090057,0.8074136972427368,0.5656446814537048,-0.1277352124452591,0.7885450124740601,0.641044020652771,-0.14192567765712738,0.7896568775177002,0.6769309639930725,-0.13370832800865173,0.7952665090560913,0.7041914463043213,-0.12411441653966904,0.757745087146759,0.5530478358268738,-0.10172158479690552,0.6913904547691345,0.6237052083015442,-0.1267462819814682,0.6953697204589844,0.6601442694664001,-0.12010770291090012,0.7177882194519043,0.6858972907066345,-0.10877659916877747,0.7391687035560608,0.5433236956596375,-0.06802289187908173,0.7227424383163452,0.6021814942359924,-0.07600948959589005,0.7621850967407227,0.6179378628730774,-0.06208975985646248,0.7966517806053162,0.6237917542457581,-0.048467911779880524,0.744239330291748,0.5377708673477173,-0.03564581274986267,0.7403535842895508,0.5787946581840515,-0.028528252616524696,0.77192223072052,0.593950092792511,-0.011100147850811481,0.8011116981506348,0.5989677309989929,0.003540957346558571
98,3.2666666666666666,0.9426543712615967,0.49925220012664795,-2.426572507374658e-07,0.9479966163635254,0.539079487323761,-0.04279979318380356,0.9327108263969421,0.5872786641120911,-0.07129877060651779,0.9182888269424438,0.634303629398346,-0.08491359651088715,0.9192880988121033,0.6720339059829712,-0.09590554982423782,0.8084864020347595,0.5663026571273804,-0.11615421622991562,0.7903608083724976,0.6433490514755249,-0.1271996945142746,0.7909020781517029,0.6786496639251709,-0.11646055430173874,0.7955206036567688,0.7044642567634583,-0.10528968274593353,0.7578408718109131,0.5527908205986023,-0.09230505675077438,0.6922128796577454,0.6260440945625305,-0.11435441672801971,0.698946475982666,0.6614713668823242,-0.10573595762252808,0.7243080735206604,0.6850085854530334,-0.09273763000965118,0.7398886680603027,0.5423625707626343,-0.06116987019777298,0.7170858383178711,0.6022483706474304,-0.06962918490171432,0.7507284879684448,0.6225683093070984,-0.056035883724689484,0.7826168537139893,0.632000207901001,-0.042108479887247086,0.7463337182998657,0.536132276058197,-0.030914919450879097,0.7361528873443604,0.5785790085792542,-0.02586216852068901,0.7644604444503784,0.5950144529342651,-0.008898738771677017,0.7916973233222961,0.6012760996818542,0.006251184735447168
99,3.3,0.9413654208183289,0.4964921176433563,-2.885376773065218e-07,0.9493937492370605,0.5374205112457275,-0.037926897406578064,0.9341129064559937,0.5856849551200867,-0.06571957468986511,0.9161136150360107,0.6323772072792053,-0.08131254464387894,0.9202719330787659,0.6703385710716248,-0.09475415199995041,0.8143674731254578,0.5675475597381592,-0.10703417658805847,0.7877668142318726,0.6427674889564514,-0.12617041170597076,0.7869200706481934,0.6794610619544983,-0.12255863845348358,0.7909879684448242,0.7050270438194275,-0.11534075438976288,0.7594296932220459,0.553639829158783,-0.08813487738370895,0.6901077628135681,0.625446617603302,-0.11783166229724884,0.7019209265708923,0.6600847244262695,-0.1120024025440216,0.7319322824478149,0.6806892156600952,-0.0988154485821724,0.7389400005340576,0.543211817741394,-0.06289970874786377,0.7112087607383728,0.6040213108062744,-0.07832220941781998,0.7459219694137573,0.6247521638870239,-0.06468312442302704,0.7806040048599243,0.6325432062149048,-0.0481247715651989,0.7439417243003845,0.5369588136672974,-0.03845636546611786,0.7337840795516968,0.5806978344917297,-0.0373164527118206,0.7618563175201416,0.5988689661026001,-0.020470967516303062,0.7905347943305969,0.6050187349319458,-0.0039521390572190285
100,3.3333333333333335,0.9446547031402588,0.49727505445480347,-2.652506339018146e-07,0.951251208782196,0.5369234681129456,-0.04024740308523178,0.934545636177063,0.5847479104995728,-0.06961168348789215,0.9178211092948914,0.6320666074752808,-0.08571109175682068,0.925887942314148,0.6710882186889648,-0.09941176325082779,0.8130559921264648,0.5660548806190491,-0.11280479282140732,0.7860634326934814,0.6425638794898987,-0.1334538608789444,0.7861101031303406,0.679887056350708,-0.13066892325878143,0.7919522523880005,0.7061803340911865,-0.12354911863803864,0.758335292339325,0.5522027611732483,-0.09186240285634995,0.6895056962966919,0.6243138909339905,-0.12339062243700027,0.7019739151000977,0.6599653363227844,-0.11807942390441895,0.7337992787361145,0.6813509464263916,-0.10474906861782074,0.738140881061554,0.5423771142959595,-0.06437204778194427,0.7150619029998779,0.6034306883811951,-0.07921487092971802,0.7500436902046204,0.625248372554779,-0.06519543379545212,0.7852643728256226,0.6335394382476807,-0.04822511225938797,0.7438204884529114,0.5370272397994995,-0.037846289575099945,0.7358676195144653,0.5812957882881165,-0.034945420920848846,0.7649855613708496,0.6007311344146729,-0.01726152002811432,0.7950580716133118,0.6076723337173462,-0.00018758026999421418
101,3.3666666666666667,0.9447444081306458,0.4991118907928467,-3.3562787393748295e-07,0.9489122629165649,0.5390942692756653,-0.03327241539955139,0.9334717988967896,0.5863867402076721,-0.059261519461870193,0.9167422652244568,0.6323971748352051,-0.07236301153898239,0.9212607741355896,0.6709159016609192,-0.08244281262159348,0.8128901124000549,0.5673174858093262,-0.10952828079462051,0.7868155837059021,0.6427726149559021,-0.12530726194381714,0.788820743560791,0.6793577075004578,-0.11661685258150101,0.7955867648124695,0.704805850982666,-0.10556147247552872,0.7592384815216064,0.553737998008728,-0.0895172655582428,0.6901560425758362,0.6253994107246399,-0.11812279373407364,0.7056479454040527,0.6596277356147766,-0.10819970816373825,0.7388774752616882,0.6793090105056763,-0.0917346253991127,0.7390339374542236,0.543764054775238,-0.06181932985782623,0.7088549137115479,0.6036685705184937,-0.07192379981279373,0.7454133033752441,0.6253266334533691,-0.0534813329577446,0.7817826271057129,0.6336416602134705,-0.03447704389691353,0.7455561757087708,0.5377869009971619,-0.03447746858000755,0.7338305115699768,0.5811350345611572,-0.02637600339949131,0.762365460395813,0.6009995937347412,-0.005803193897008896,0.7917259931564331,0.6082804203033447,0.012572403065860271
102,3.4,0.9443929195404053,0.5005431175231934,-3.5519792618288193e-07,0.9478816986083984,0.5405082702636719,-0.031105881556868553,0.9321578741073608,0.5874383449554443,-0.05560209974646568,0.9166989326477051,0.6324973106384277,-0.06678228825330734,0.9208371639251709,0.6708051562309265,-0.07502257823944092,0.8132649064064026,0.5690551400184631,-0.11089687794446945,0.7869065403938293,0.6421293020248413,-0.1267061084508896,0.7884061336517334,0.6784936189651489,-0.1178445965051651,0.7954022288322449,0.7048720121383667,-0.10650130361318588,0.7605027556419373,0.555282711982727,-0.09087501466274261,0.6897023916244507,0.6248895525932312,-0.11922632157802582,0.705524206161499,0.6583594679832458,-0.10807410627603531,0.7396516799926758,0.678057849407196,-0.09045939147472382,0.7403874397277832,0.5448103547096252,-0.06264527887105942,0.7109511494636536,0.6038896441459656,-0.0714486762881279,0.749343991279602,0.6241955757141113,-0.05080138519406319,0.7859757542610168,0.6316059827804565,-0.030324900522828102,0.7467169761657715,0.5383210182189941,-0.03461333364248276,0.7360478043556213,0.580876886844635,-0.025037076324224472,0.7660101652145386,0.5997199416160583,-0.0028197583742439747,0.7955045104026794,0.6062199473381042,0.016710547730326653
103,3.433333333333333,0.9445285797119141,0.502206027507782,-3.946124991216493e-07,0.9456934928894043,0.5428346991539001,-0.028882307931780815,0.930140495300293,0.5901669263839722,-0.0513206347823143,0.9181064963340759,0.6353682279586792,-0.06063036248087883,0.9238135814666748,0.6729506850242615,-0.06684412062168121,0.8106803297996521,0.5707611441612244,-0.10762706398963928,0.78504878282547,0.645064651966095,-0.11918594688177109,0.7893056273460388,0.680713951587677,-0.10618294775485992,0.7985369563102722,0.7056964039802551,-0.09232667088508606,0.7590885758399963,0.5571809411048889,-0.0875224769115448,0.6912021636962891,0.628649890422821,-0.11367060244083405,0.7109565734863281,0.6613354682922363,-0.10094981640577316,0.7483945488929749,0.6794168949127197,-0.08234762400388718,0.7394760251045227,0.5465741157531738,-0.05891908332705498,0.7103822231292725,0.6066882014274597,-0.06537248939275742,0.7505714893341064,0.6267103552818298,-0.0450349822640419,0.788480818271637,0.6334508061408997,-0.025338394567370415,0.7460359334945679,0.5399414300918579,-0.03022756241261959,0.7364031672477722,0.5828769207000732,-0.01938367821276188,0.7671740055084229,0.6018710136413574,0.0017456485657021403,0.7976014018058777,0.6082790493965149,0.020066948607563972
104,3.466666666666667,0.9453058242797852,0.5008471608161926,-3.8921376699363464e-07,0.9472865462303162,0.5433721542358398,-0.028377486392855644,0.9299970865249634,0.5917528867721558,-0.05049014464020729,0.9171945452690125,0.6374572515487671,-0.059671685099601746,0.9252832531929016,0.6746014356613159,-0.06609530001878738,0.8123815059661865,0.5723515748977661,-0.10713454335927963,0.7850255966186523,0.6450785398483276,-0.11732371896505356,0.7882698774337769,0.679390013217926,-0.10262361913919449,0.797027587890625,0.7022907733917236,-0.08792534470558167,0.7607059478759766,0.5583474040031433,-0.08801370859146118,0.690894365310669,0.6296785473823547,-0.11458893865346909,0.7118574976921082,0.6622605919837952,-0.1016380712389946,0.7508500218391418,0.6791139841079712,-0.08262952417135239,0.7413620948791504,0.5470039248466492,-0.06035685911774635,0.7088954448699951,0.6061996817588806,-0.06835504621267319,0.7472254633903503,0.627288818359375,-0.049510519951581955,0.7853867411613464,0.6342988014221191,-0.030642544850707054,0.7480031847953796,0.5393547415733337,-0.03242310509085655,0.7358978390693665,0.5810611844062805,-0.022865960374474525,0.7655822038650513,0.5997329354286194,-0.0030340119265019894,0.7953711748123169,0.6058593392372131,0.014152671210467815
105,3.5,0.9503751397132874,0.5036444664001465,-4.055424938087526e-07,0.9500225782394409,0.5444660782814026,-0.029929576441645622,0.9318946599960327,0.5905429124832153,-0.053608041256666183,0.9183716773986816,0.6365313529968262,-0.06476886570453644,0.9272544980049133,0.6738903522491455,-0.07302279025316238,0.8118900060653687,0.5726748108863831,-0.10677133500576019,0.7839583158493042,0.6473129987716675,-0.11918766051530838,0.7914391756057739,0.6815486550331116,-0.10472343116998672,0.8056051135063171,0.7019512057304382,-0.08923293650150299,0.7603086829185486,0.5583215951919556,-0.08780120313167572,0.6900633573532104,0.6310383677482605,-0.11842133104801178,0.7152279615402222,0.6634203791618347,-0.1072334498167038,0.7598397135734558,0.6784791946411133,-0.0880124568939209,0.7422690987586975,0.5466682314872742,-0.06071744114160538,0.7098848819732666,0.6063377261161804,-0.07307978719472885,0.7488366365432739,0.628330647945404,-0.05688152462244034,0.788799524307251,0.6353060007095337,-0.0383894182741642,0.7499023675918579,0.5385406017303467,-0.03316784277558327,0.7376801371574402,0.5809996724128723,-0.02703908458352089,0.7679192423820496,0.6002192497253418,-0.0093199722468853,0.7985947132110596,0.6062108874320984,0.00728465523570776
106,3.533333333333333,0.9484144449234009,0.5008883476257324,-4.4226786144463404e-07,0.9484915137290955,0.5435535311698914,-0.03033316880464554,0.9307182431221008,0.591503918170929,-0.054276201874017715,0.9175569415092468,0.638446033000946,-0.06671230494976044,0.9254744052886963,0.6757345199584961,-0.0762081891298294,0.8086907267570496,0.5735666155815125,-0.10009097307920456,0.7855163216590881,0.6477108597755432,-0.1150515079498291,0.7949598431587219,0.6817804574966431,-0.10432770103216171,0.8104367852210999,0.7024449110031128,-0.09131154417991638,0.757339358329773,0.5589303970336914,-0.08286795765161514,0.6900029182434082,0.6313214898109436,-0.11539426445960999,0.7157869935035706,0.6637868881225586,-0.10733912140130997,0.7594128847122192,0.6798994541168213,-0.09023845940828323,0.738996684551239,0.5477833151817322,-0.05833043158054352,0.7077826261520386,0.6079862117767334,-0.07493267208337784,0.7456820011138916,0.6298431158065796,-0.06104343384504318,0.7849604487419128,0.6373002529144287,-0.04309447854757309,0.7461290955543518,0.5405811071395874,-0.033457256853580475,0.7326191663742065,0.5843899250030518,-0.03157259151339531,0.7615503668785095,0.6035777926445007,-0.014856453984975815,0.7921962141990662,0.610373318195343,0.001963468734174967
107,3.566666666666667,0.9490319490432739,0.5012928247451782,-4.076569837252464e-07,0.9488028287887573,0.5438483953475952,-0.029686328023672104,0.9309330582618713,0.5903128385543823,-0.051958851516246796,0.9182286858558655,0.6367506384849548,-0.0614984892308712,0.9290034174919128,0.6736005544662476,-0.06749667972326279,0.8084648251533508,0.5741659998893738,-0.10436530411243439,0.7818835377693176,0.6489413380622864,-0.11380835622549057,0.7922500371932983,0.6826947927474976,-0.09616369754076004,0.8078871965408325,0.7018754482269287,-0.07869383692741394,0.7575287222862244,0.5595721006393433,-0.08491753041744232,0.6887766122817993,0.6321082711219788,-0.11401353776454926,0.7141941785812378,0.6641044616699219,-0.1018562763929367,0.7574906945228577,0.67885822057724,-0.08213777095079422,0.7400515079498291,0.5483394861221313,-0.057322558015584946,0.7079633474349976,0.6070789694786072,-0.06918192654848099,0.7453587055206299,0.6293867230415344,-0.053217336535453796,0.7845823168754578,0.6371323466300964,-0.034912802278995514,0.7481852769851685,0.5405936241149902,-0.029205791652202606,0.7345120906829834,0.5826256275177002,-0.02338186651468277,0.7627564072608948,0.6023414731025696,-0.006272200960665941,0.7929737567901611,0.609656810760498,0.010001148097217083
108,3.6,0.9521355628967285,0.5008125305175781,-4.455227156086039e-07,0.9502993822097778,0.5437405109405518,-0.02682042494416237,0.9308627247810364,0.5905008316040039,-0.04713531583547592,0.9170858263969421,0.6371535658836365,-0.05577815696597099,0.9261380434036255,0.6736271381378174,-0.06121184676885605,0.8072442412376404,0.5725827813148499,-0.09744619578123093,0.7826053500175476,0.6470678448677063,-0.10811413824558258,0.7921603322029114,0.6809008717536926,-0.09284144639968872,0.8074471354484558,0.7005926966667175,-0.07689102739095688,0.7566359639167786,0.5586935877799988,-0.08048273622989655,0.686854362487793,0.631905734539032,-0.11088129132986069,0.7123223543167114,0.6640738844871521,-0.10059382766485214,0.7563397288322449,0.679192841053009,-0.08152717351913452,0.7395020723342896,0.5480626821517944,-0.05566677823662758,0.706817626953125,0.6078439950942993,-0.0703219622373581,0.7448601722717285,0.6302716135978699,-0.055950988084077835,0.7841532826423645,0.6382385492324829,-0.037559252232313156,0.7485140562057495,0.5409496426582336,-0.03002685122191906,0.7331651449203491,0.5839223861694336,-0.026522882282733917,0.7621830701828003,0.6039491891860962,-0.009861215949058533,0.7930492162704468,0.6114339232444763,0.006859419401735067
109,3.6333333333333333,0.9534227848052979,0.503278374671936,-4.918054514746473e-07,0.9487074017524719,0.5458133220672607,-0.021938497200608253,0.928921639919281,0.5915194153785706,-0.03912178426980972,0.9152979850769043,0.6373974084854126,-0.04429779574275017,0.9233004450798035,0.6733930110931396,-0.04644947126507759,0.8041257262229919,0.572849452495575,-0.0981435626745224,0.7833200693130493,0.6476725339889526,-0.10400442034006119,0.794307291507721,0.6810972690582275,-0.08398301899433136,0.8085131645202637,0.701166033744812,-0.06528354436159134,0.7556449770927429,0.5582021474838257,-0.08077680319547653,0.6857919692993164,0.6330677270889282,-0.10823461413383484,0.7113155126571655,0.6642488241195679,-0.09484969824552536,0.7538155913352966,0.6790655851364136,-0.07404378801584244,0.7399593591690063,0.5467196702957153,-0.05418810993432999,0.7087819576263428,0.6063469052314758,-0.0650046095252037,0.7478437423706055,0.6266976594924927,-0.048196159303188324,0.7859810590744019,0.6334578394889832,-0.028903275728225708,0.7499049305915833,0.539080023765564,-0.026113901287317276,0.7338268160820007,0.5814805626869202,-0.018879255279898643,0.7634528875350952,0.6005957722663879,-0.0005170993390493095,0.7934686541557312,0.6074900031089783,0.01671188324689865
110,3.6666666666666665,0.9546879529953003,0.5040584206581116,-4.878792765339313e-07,0.9489360451698303,0.5461180806159973,-0.030142884701490402,0.9292525053024292,0.5921844244003296,-0.054328303784132004,0.9154555201530457,0.6399613618850708,-0.0659133642911911,0.9204955101013184,0.6780500411987305,-0.07388299703598022,0.8030284643173218,0.5720372200012207,-0.10731880366802216,0.7826967239379883,0.6487510800361633,-0.11767129600048065,0.8005878925323486,0.68217933177948,-0.10067249089479446,0.8218350410461426,0.7017501592636108,-0.083928182721138,0.7551321387290955,0.5574361085891724,-0.08895131200551987,0.6908489465713501,0.6363902688026428,-0.11840549111366272,0.7185500860214233,0.6687608957290649,-0.1078355684876442,0.7622604966163635,0.6840492486953735,-0.09072864055633545,0.7403098344802856,0.546597421169281,-0.06206098943948746,0.7093769907951355,0.6109128594398499,-0.07590879499912262,0.7483471035957336,0.6340566873550415,-0.05989246070384979,0.7892095446586609,0.6427640914916992,-0.04247128963470459,0.751176118850708,0.5399414300918579,-0.03452366217970848,0.7335824966430664,0.585254967212677,-0.03186463937163353,0.7623553276062012,0.6049723029136658,-0.014579790644347668,0.7931700944900513,0.6124815344810486,0.0015890583163127303
111,3.7,0.9543123841285706,0.5021547079086304,-4.849146080232458e-07,0.949192225933075,0.5445226430892944,-0.033011626452207565,0.9306633472442627,0.5920182466506958,-0.057740941643714905,0.9180442094802856,0.641616702079773,-0.06957988440990448,0.9221603870391846,0.6802555322647095,-0.07777711004018784,0.8053224086761475,0.5737000703811646,-0.10629215836524963,0.7904902696609497,0.6512450575828552,-0.11304192245006561,0.8094497919082642,0.6829826831817627,-0.09348760545253754,0.8311445116996765,0.6999900341033936,-0.07564585655927658,0.7557006478309631,0.5594193339347839,-0.08615059405565262,0.697516918182373,0.6394457221031189,-0.11121474206447601,0.7244457602500916,0.6709031462669373,-0.09997078776359558,0.7690972685813904,0.6853926777839661,-0.08379294723272324,0.7395176887512207,0.5487512946128845,-0.05783897265791893,0.7081648111343384,0.6149356961250305,-0.07019484043121338,0.7437809705734253,0.6392301917076111,-0.056245747953653336,0.7850243449211121,0.6492277383804321,-0.04129478335380554,0.748464822769165,0.5422620177268982,-0.029003581032156944,0.7284168601036072,0.5879091024398804,-0.02826666086912155,0.7551215887069702,0.6077345013618469,-0.013768846169114113,0.7869495749473572,0.6161447763442993,0.00023763484205119312
112,3.7333333333333334,0.9545800089836121,0.5039303302764893,-5.029041858506389e-07,0.9509599804878235,0.5471435785293579,-0.024893172085285187,0.9323301911354065,0.593505859375,-0.04472215473651886,0.9183762669563293,0.640518069267273,-0.05285284295678139,0.9267899394035339,0.6775541305541992,-0.057269107550382614,0.8061051964759827,0.5759912729263306,-0.09853284060955048,0.7876288890838623,0.6512822508811951,-0.10397279262542725,0.8066686391830444,0.6823770999908447,-0.08307141810655594,0.8289468884468079,0.6984707713127136,-0.0638125091791153,0.7567776441574097,0.5611766576766968,-0.08078578114509583,0.6943526268005371,0.6375875473022461,-0.1077435091137886,0.7204952239990234,0.6683493256568909,-0.09543476998806,0.7633087635040283,0.6821098327636719,-0.07651854306459427,0.740723729133606,0.5492138266563416,-0.05411062762141228,0.7129911780357361,0.6096736788749695,-0.06566300988197327,0.7512314319610596,0.6305722594261169,-0.0492735393345356,0.791087806224823,0.6374981999397278,-0.030790144577622414,0.7510595321655273,0.5408337116241455,-0.026297075673937798,0.7340665459632874,0.5836917161941528,-0.02060382254421711,0.7616980671882629,0.6025988459587097,-0.002326733898371458,0.7922764420509338,0.6093593835830688,0.01485045813024044
113,3.7666666666666666,0.9507617354393005,0.5010701417922974,-5.339067001841613e-07,0.9494652152061462,0.5454878211021423,-0.028249889612197876,0.9324889779090881,0.5926886200904846,-0.050685733556747437,0.9183031916618347,0.6404061913490295,-0.060941435396671295,0.9249216914176941,0.677943766117096,-0.06705155968666077,0.8094137907028198,0.5737622976303101,-0.10347680002450943,0.7919402718544006,0.6511816382408142,-0.11109383404254913,0.8138676881790161,0.6833940148353577,-0.0913509950041771,0.8384830355644226,0.6996239423751831,-0.07302405685186386,0.7581540942192078,0.5599617958068848,-0.08553443849086761,0.7007270455360413,0.6408483982086182,-0.11310935020446777,0.7301968336105347,0.6729018688201904,-0.1015126183629036,0.7739349007606506,0.6869208216667175,-0.08431568741798401,0.739881694316864,0.5496835708618164,-0.05904227867722511,0.7116031050682068,0.6158145666122437,-0.07199075073003769,0.7500656843185425,0.6390016078948975,-0.056271690875291824,0.7907748222351074,0.6473773717880249,-0.03950256481766701,0.7489410042762756,0.5429680943489075,-0.03174334019422531,0.7333827018737793,0.5897575616836548,-0.028642728924751282,0.7628056406974792,0.6095724105834961,-0.011696367524564266,0.7945229411125183,0.6168051958084106,0.0038746653590351343
114,3.8,0.9552319049835205,0.5005140900611877,-5.221256174081645e-07,0.9543038010597229,0.545799970626831,-0.03134200721979141,0.9352816939353943,0.5935423374176025,-0.05381351336836815,0.9210443496704102,0.6417779922485352,-0.06299765408039093,0.9266341924667358,0.6793804168701172,-0.06746218353509903,0.8074047565460205,0.5748851299285889,-0.10643353313207626,0.7909606099128723,0.6522740721702576,-0.11161908507347107,0.8173657655715942,0.6827316284179688,-0.0891728401184082,0.8466190695762634,0.6975294351577759,-0.06898561865091324,0.7580536603927612,0.5602180361747742,-0.0863359123468399,0.7024126052856445,0.640609860420227,-0.11147885024547577,0.7321131825447083,0.6718432903289795,-0.09835471212863922,0.7760196328163147,0.6856290698051453,-0.08042836934328079,0.7422536611557007,0.5489225387573242,-0.05781136080622673,0.7163640260696411,0.6141142249107361,-0.06865773350000381,0.7533363699913025,0.6377798914909363,-0.052730292081832886,0.7930952310562134,0.6471049189567566,-0.03639552369713783,0.7530162930488586,0.5414144992828369,-0.02880452200770378,0.7393689155578613,0.5867031812667847,-0.02555840276181698,0.7675293684005737,0.6062813401222229,-0.0096738301217556,0.7982337474822998,0.6137340068817139,0.005052446853369474
115,3.8333333333333335,0.9550491571426392,0.4980723559856415,-5.364315711631207e-07,0.9537707567214966,0.5448893904685974,-0.027704158797860146,0.9357548356056213,0.5938252806663513,-0.04808337241411209,0.9219316244125366,0.6420218348503113,-0.05578906461596489,0.9280204772949219,0.678494930267334,-0.059135641902685165,0.8076667189598083,0.5748890042304993,-0.10218226909637451,0.7939558625221252,0.6524561047554016,-0.10577165335416794,0.8206321001052856,0.6833092570304871,-0.08310478925704956,0.8485944867134094,0.6980478167533875,-0.06322824954986572,0.7583461403846741,0.5602837800979614,-0.083245187997818,0.7034915685653687,0.640293538570404,-0.10798908025026321,0.7336447834968567,0.6715477705001831,-0.0952097624540329,0.7774375677108765,0.6853633522987366,-0.07746413350105286,0.7427446842193604,0.5493497252464294,-0.05540908873081207,0.7162804007530212,0.6144717335700989,-0.06550423800945282,0.7520954012870789,0.6379258632659912,-0.04957198724150658,0.7914360761642456,0.6470992565155029,-0.03333228826522827,0.7542114853858948,0.5422172546386719,-0.02674725092947483,0.7400413155555725,0.588132917881012,-0.02282133884727955,0.7674339413642883,0.6080318093299866,-0.006441365461796522,0.7983142733573914,0.615816593170166,0.008687361143529415
116,3.8666666666666667,0.9575037956237793,0.49858057498931885,-5.360444674806786e-07,0.9556676745414734,0.5466920137405396,-0.02699396200478077,0.9352536201477051,0.5948785543441772,-0.04582739621400833,0.9214873313903809,0.6423376798629761,-0.05163155123591423,0.9264258146286011,0.6782569885253906,-0.052961867302656174,0.8042897582054138,0.5762012004852295,-0.10155528038740158,0.7966874241828918,0.6553619503974915,-0.10138997435569763,0.8281246423721313,0.6845813393592834,-0.0753241553902626,0.8577725291252136,0.6977598667144775,-0.05318085104227066,0.7556338310241699,0.5611286163330078,-0.08130700141191483,0.7037362456321716,0.6420012712478638,-0.10320362448692322,0.7360602021217346,0.6717004179954529,-0.0891314446926117,0.780659019947052,0.6844197511672974,-0.07039400935173035,0.7410644888877869,0.5497937798500061,-0.051680199801921844,0.7217523455619812,0.6141763925552368,-0.05895838141441345,0.7601847648620605,0.6352265477180481,-0.043411023914813995,0.7994164824485779,0.6428892016410828,-0.027523279190063477,0.7525423169136047,0.5426794290542603,-0.020998254418373108,0.7416701912879944,0.5870240330696106,-0.014497887343168259,0.7716044187545776,0.6057024002075195,0.0018641973147168756,0.8031095266342163,0.6129823923110962,0.016835002228617668
117,3.9,0.9577407836914062,0.49930340051651,-5.722396281271358e-07,0.9546487927436829,0.5451098680496216,-0.026233799755573273,0.9357738494873047,0.5936012268066406,-0.04630911350250244,0.9217198491096497,0.6421036720275879,-0.05347716435790062,0.9265545606613159,0.6786354184150696,-0.05644874647259712,0.808321475982666,0.5737671256065369,-0.10447098314762115,0.7988622188568115,0.6516342759132385,-0.10581816732883453,0.8268587589263916,0.6828359365463257,-0.0810827761888504,0.8532836437225342,0.6990826725959778,-0.06054259464144707,0.758998692035675,0.560043454170227,-0.08573572337627411,0.7081414461135864,0.6429361701011658,-0.10820742696523666,0.740422248840332,0.6731157898902893,-0.09350088983774185,0.7834828495979309,0.6862386465072632,-0.07541250437498093,0.7425682544708252,0.5498828291893005,-0.05754763260483742,0.7167559862136841,0.6181273460388184,-0.06559642404317856,0.7531290054321289,0.6415235996246338,-0.04846278578042984,0.7918925285339355,0.6511276960372925,-0.03258148208260536,0.7526936531066895,0.543254554271698,-0.02836947701871395,0.7362985014915466,0.5895864367485046,-0.023335382342338562,0.7651541233062744,0.6092415452003479,-0.006616080645471811,0.7965261936187744,0.6171355247497559,0.00798188615590334
118,3.933333333333333,0.9551392197608948,0.5010232925415039,-6.042670293027186e-07,0.9526346325874329,0.5457043647766113,-0.02817578800022602,0.9351396560668945,0.5932211875915527,-0.04882067069411278,0.9215340614318848,0.6412198543548584,-0.05582510679960251,0.9239964485168457,0.6777089238166809,-0.05859633535146713,0.8075020909309387,0.5725009441375732,-0.10801656544208527,0.798119843006134,0.6511741280555725,-0.108933225274086,0.8261947631835938,0.6820041537284851,-0.08369632810354233,0.8530102968215942,0.6975974440574646,-0.06290032714605331,0.7597053050994873,0.5592891573905945,-0.08764299750328064,0.7116672992706299,0.6436483860015869,-0.10800086706876755,0.74610835313797,0.6732227206230164,-0.09223294258117676,0.7915046811103821,0.6855331063270569,-0.07448530942201614,0.7431222796440125,0.5501164197921753,-0.05792474374175072,0.7159764170646667,0.6187806725502014,-0.06470255553722382,0.7516142725944519,0.6419984102249146,-0.04796121269464493,0.7908127903938293,0.6514952182769775,-0.03346261382102966,0.7518156170845032,0.544925332069397,-0.027358422055840492,0.7345171570777893,0.591067910194397,-0.023726267740130424,0.7630749940872192,0.6107255816459656,-0.009032819420099258,0.7943820357322693,0.619020402431488,0.003790590912103653
119,3.966666666666667,0.9553318619728088,0.5006042122840881,-5.967237370896328e-07,0.9503567814826965,0.5442819595336914,-0.031141098588705063,0.9332332611083984,0.5932362675666809,-0.05212557688355446,0.9214087128639221,0.6429733633995056,-0.058856576681137085,0.9238815903663635,0.6790951490402222,-0.061761993914842606,0.8005272150039673,0.5707350969314575,-0.10745033621788025,0.7974492311477661,0.6500859260559082,-0.10627326369285583,0.8265107274055481,0.6813884377479553,-0.08149067312479019,0.85118567943573,0.6976777911186218,-0.06208440661430359,0.757303774356842,0.5582451820373535,-0.08570173382759094,0.7143546938896179,0.6429115533828735,-0.10462737083435059,0.7515529990196228,0.6729463934898376,-0.09023452550172806,0.7986361980438232,0.685849130153656,-0.07417497783899307,0.7450246810913086,0.5500742793083191,-0.05488607659935951,0.7223722338676453,0.6199420094490051,-0.06151631474494934,0.7587682008743286,0.644335150718689,-0.04771388694643974,0.7986040115356445,0.6549703478813171,-0.035831887274980545,0.7564428448677063,0.546055793762207,-0.023373544216156006,0.7411128282546997,0.5925118923187256,-0.020752184092998505,0.7700645923614502,0.612087070941925,-0.008303062990307808,0.8012397885322571,0.6207326650619507,0.002618301659822464
120,4.0,0.9569445848464966,0.49756360054016113,-6.668045102742326e-07,0.950419545173645,0.5410895943641663,-0.03286941349506378,0.931804895401001,0.592688262462616,-0.05312018096446991,0.9157707095146179,0.6430233716964722,-0.05912794545292854,0.9102627635002136,0.6781812906265259,-0.061174195259809494,0.7967953681945801,0.5677003264427185,-0.10449997335672379,0.7925231456756592,0.6493567228317261,-0.10284107178449631,0.8215309381484985,0.6809492707252502,-0.07968578487634659,0.84588623046875,0.6967962980270386,-0.06214696541428566,0.7569647431373596,0.5560067892074585,-0.08263390511274338,0.7230121493339539,0.6439545154571533,-0.09765177965164185,0.7614854574203491,0.6742095947265625,-0.08353932946920395,0.8083201050758362,0.6865918636322021,-0.06995002180337906,0.7472130656242371,0.5492081642150879,-0.05270333215594292,0.7252920866012573,0.623113751411438,-0.05701112374663353,0.7578453421592712,0.6486304402351379,-0.04421143978834152,0.7959441542625427,0.6597071290016174,-0.03510018438100815,0.7605408430099487,0.5463637113571167,-0.02259855531156063,0.7441990971565247,0.5949735641479492,-0.021954821422696114,0.770652711391449,0.6156861782073975,-0.012323109433054924,0.8000088334083557,0.6253077983856201,-0.004077574238181114
121,4.033333333333333,0.9565064907073975,0.49696943163871765,-6.642007974733133e-07,0.9504629969596863,0.5414419174194336,-0.04034053161740303,0.931326687335968,0.593000054359436,-0.06548561155796051,0.9125329256057739,0.6430384516716003,-0.07483814656734467,0.9014195203781128,0.6800931692123413,-0.0800713449716568,0.7940155863761902,0.5644263029098511,-0.11331406980752945,0.789996862411499,0.6482913494110107,-0.11461420357227325,0.8207756876945496,0.6808512210845947,-0.09456904232501984,0.8472007513046265,0.6970911026000977,-0.07885253429412842,0.7545861601829529,0.5514331459999084,-0.08683233708143234,0.7230590581893921,0.6412457227706909,-0.10206405818462372,0.7633201479911804,0.6723353862762451,-0.0901525616645813,0.8111277222633362,0.6844857931137085,-0.07919168472290039,0.7451985478401184,0.5445006489753723,-0.05255118012428284,0.7233433723449707,0.6204413771629333,-0.05674022063612938,0.7587931752204895,0.6480873823165894,-0.04588140919804573,0.799422025680542,0.6596353650093079,-0.03903871402144432,0.7554698586463928,0.5421145558357239,-0.018505413085222244,0.739989697933197,0.592153787612915,-0.019442273303866386,0.7689410448074341,0.614732563495636,-0.012403026223182678,0.7987706661224365,0.6254860758781433,-0.0062287854962050915
122,4.066666666666666,0.9553600549697876,0.49401289224624634,-6.210949550222722e-07,0.9469194412231445,0.5386743545532227,-0.028715109452605247,0.9271055459976196,0.5888315439224243,-0.04815755784511566,0.907336950302124,0.6375105977058411,-0.05396544933319092,0.8987078666687012,0.6735858917236328,-0.05600133538246155,0.7944950461387634,0.562152624130249,-0.0990111380815506,0.7846707701683044,0.6421787142753601,-0.09349410980939865,0.8104938268661499,0.673191487789154,-0.06865417957305908,0.8313339352607727,0.6888185143470764,-0.05083348602056503,0.7580175399780273,0.5496805906295776,-0.07742062211036682,0.7205684185028076,0.6356683373451233,-0.08855723589658737,0.7541203498840332,0.665265679359436,-0.07428872585296631,0.797138512134552,0.6772066950798035,-0.0617273785173893,0.7499590516090393,0.5423000454902649,-0.04705173149704933,0.7266392707824707,0.6157097816467285,-0.046557869762182236,0.75822514295578,0.6417903304100037,-0.03251253068447113,0.7957082390785217,0.6531888246536255,-0.02399761974811554,0.7616236209869385,0.538454532623291,-0.016249632462859154,0.7454360127449036,0.5869075655937195,-0.011296055279672146,0.7731902003288269,0.6090853214263916,-0.00035711226519197226,0.8022480607032776,0.61974036693573,0.007864853367209435
123,4.1,0.9586470723152161,0.48804721236228943,-4.152974213411653e-07,0.8568329811096191,0.49106043577194214,0.01726355031132698,0.8011424541473389,0.5315631628036499,0.008028805255889893,0.7757737636566162,0.5802707076072693,-0.0001555617927806452,0.7794435024261475,0.6190123558044434,-0.011919936165213585,0.7498075366020203,0.5378080010414124,-0.07788067311048508,0.7277909517288208,0.6219614744186401,-0.08633185923099518,0.750281572341919,0.6537034511566162,-0.06990794837474823,0.7729538083076477,0.6688234806060791,-0.057550735771656036,0.7929953336715698,0.5503148436546326,-0.09350139647722244,0.7466338276863098,0.637825071811676,-0.11177491396665573,0.7681319117546082,0.6678510904312134,-0.09710866957902908,0.8016643524169922,0.6766195297241211,-0.08559286594390869,0.854249894618988,0.5634735226631165,-0.10005231946706772,0.8091371655464172,0.6409305930137634,-0.11156133562326431,0.8196872472763062,0.6684370040893555,-0.09571360051631927,0.8406104445457458,0.6776086091995239,-0.08611965924501419,0.922819972038269,0.5759844779968262,-0.10221311450004578,0.9000796675682068,0.6325774192810059,-0.11776486784219742,0.8952537178993225,0.6598871946334839,-0.11364489793777466,0.8935447931289673,0.6756550669670105,-0.10908355563879013
124,4.133333333333334,0.9573188424110413,0.48948952555656433,-3.3038523383766005e-07,0.8700578212738037,0.49579593539237976,0.012865296564996243,0.8187565207481384,0.5351539850234985,-0.00019275731756351888,0.8022677898406982,0.5864844918251038,-0.0106692835688591,0.8119204044342041,0.6273704171180725,-0.022771792486310005,0.7476511597633362,0.5320157408714294,-0.0829508900642395,0.7300920486450195,0.610892653465271,-0.09111925214529037,0.7533800601959229,0.6423586010932922,-0.07312452048063278,0.7796856760978699,0.6580623388290405,-0.05926278233528137,0.7802274823188782,0.5427451133728027,-0.09664325416088104,0.7298812866210938,0.6271237134933472,-0.11609502136707306,0.7508040070533752,0.6591835021972656,-0.10162119567394257,0.7868419289588928,0.6712932586669922,-0.08939021825790405,0.8353011012077332,0.5560043454170227,-0.10107205808162689,0.7907352447509766,0.6342403888702393,-0.11280353367328644,0.8027207851409912,0.6625903844833374,-0.0960262343287468,0.8261035680770874,0.6737431287765503,-0.08502741158008575,0.9027803540229797,0.5708358287811279,-0.10124044865369797,0.8814308643341064,0.6311379075050354,-0.11434608697891235,0.8826832175254822,0.6593734622001648,-0.10769571363925934,0.8873353004455566,0.6758186221122742,-0.10109277069568634
125,4.166666666666667,0.9524827003479004,0.48596304655075073,-5.573367616307223e-07,0.943644642829895,0.5273297429084778,-0.04402591288089752,0.9217913150787354,0.5782104134559631,-0.07511699944734573,0.8980942368507385,0.6284297108650208,-0.09107429534196854,0.8844202160835266,0.6663612127304077,-0.10298298299312592,0.8006913661956787,0.5400254130363464,-0.12634551525115967,0.7819236516952515,0.622588038444519,-0.13799497485160828,0.8038749098777771,0.6554563641548157,-0.12337536364793777,0.8254675269126892,0.6722319722175598,-0.11086080968379974,0.7600355744361877,0.5267089009284973,-0.10404279083013535,0.7195510268211365,0.6156254410743713,-0.1261443793773651,0.7486341595649719,0.6480159759521484,-0.11645408719778061,0.7870360612869263,0.6619412899017334,-0.10777262598276138,0.7475838661193848,0.5209423899650574,-0.0747913047671318,0.721210777759552,0.6006819605827332,-0.08571749180555344,0.7508852481842041,0.6292725801467896,-0.07194624841213226,0.7868137359619141,0.6410666108131409,-0.06319757550954819,0.7552739381790161,0.5213345885276794,-0.04646788910031319,0.7417707443237305,0.5772364139556885,-0.05511666461825371,0.7690940499305725,0.6030598878860474,-0.048170413821935654,0.7971295714378357,0.6161256432533264,-0.04165313392877579
126,4.2,0.951259970664978,0.4781661927700043,-6.474107863141398e-07,0.9383434653282166,0.515848696231842,-0.03624377027153969,0.9143657684326172,0.5678162574768066,-0.06624440848827362,0.8951004147529602,0.6188306212425232,-0.0833367183804512,0.8864215612411499,0.6564735770225525,-0.09822620451450348,0.7924139499664307,0.5274016857147217,-0.12063819915056229,0.769233763217926,0.6108683943748474,-0.13644962012767792,0.7913846969604492,0.6462586522102356,-0.12727315723896027,0.8161405920982361,0.6647875905036926,-0.11824925243854523,0.7639077305793762,0.5178229808807373,-0.10446538031101227,0.7212842106819153,0.6074042320251465,-0.128179132938385,0.7509121894836426,0.6424650549888611,-0.12150329351425171,0.7918038964271545,0.6595203876495361,-0.11518965661525726,0.7604256272315979,0.5181744694709778,-0.08165959268808365,0.7264591455459595,0.6005988717079163,-0.09667909890413284,0.7533026337623596,0.6325588822364807,-0.08756574243307114,0.7894632816314697,0.64863121509552,-0.08175554871559143,0.7753925323486328,0.5253013372421265,-0.05866013839840889,0.7616912722587585,0.5869215130805969,-0.07227583974599838,0.7885624766349792,0.6171025633811951,-0.06756097078323364,0.8185163736343384,0.6346316933631897,-0.06204945221543312
127,4.233333333333333,0.9357508420944214,0.4750438928604126,-6.125422373770562e-07,0.9334897398948669,0.5128968954086304,-0.03863818943500519,0.9151342511177063,0.5635398030281067,-0.07050376385450363,0.8955020308494568,0.6130824089050293,-0.08922847360372543,0.882441520690918,0.6504740715026855,-0.1054566353559494,0.798088550567627,0.5190030932426453,-0.12642404437065125,0.7721667289733887,0.5978227257728577,-0.14486640691757202,0.7889695167541504,0.6324787735939026,-0.13628143072128296,0.8084961175918579,0.6526889204978943,-0.12784108519554138,0.7631424069404602,0.5093369483947754,-0.1118941605091095,0.7203277349472046,0.5962234735488892,-0.1377452313899994,0.7452961206436157,0.6315820217132568,-0.13188651204109192,0.7790278792381287,0.6504594683647156,-0.12676389515399933,0.751136064529419,0.5106223225593567,-0.09104373306035995,0.7167429327964783,0.5921712517738342,-0.11044551432132721,0.7425140142440796,0.6247712969779968,-0.10094308853149414,0.7749516367912292,0.6422157287597656,-0.09442027658224106,0.7576364278793335,0.5200234651565552,-0.07016179710626602,0.7391039729118347,0.5811526775360107,-0.08771616220474243,0.7639578580856323,0.6110996007919312,-0.08283235877752304,0.7906112670898438,0.628925085067749,-0.0768638551235199
128,4.266666666666667,0.9312095642089844,0.47227942943573,-3.7885280335103744e-07,0.8401110768318176,0.4727638065814972,0.0038371882401406765,0.7773352265357971,0.5045687556266785,-0.01671067625284195,0.745428740978241,0.545778751373291,-0.03281937539577484,0.7397200465202332,0.580484926700592,-0.05296619236469269,0.7373454570770264,0.4995412826538086,-0.11423182487487793,0.7043706774711609,0.5766488909721375,-0.1334623396396637,0.7141112685203552,0.6114438772201538,-0.122611403465271,0.7333023548126221,0.63247150182724,-0.11422766745090485,0.789578914642334,0.5069041848182678,-0.1298648864030838,0.7478671669960022,0.5863233208656311,-0.15362291038036346,0.7484325766563416,0.623580276966095,-0.1449134796857834,0.7652395367622375,0.6448904275894165,-0.14304493367671967,0.851297914981842,0.521070659160614,-0.1375020444393158,0.8022929430007935,0.5940030217170715,-0.16056904196739197,0.7931182980537415,0.6274296641349792,-0.15486474335193634,0.7979567646980286,0.6464738845825195,-0.15482273697853088,0.9147925972938538,0.5387970209121704,-0.1408977508544922,0.8816978931427002,0.5956640839576721,-0.17229290306568146,0.8708935379981995,0.6259044408798218,-0.1783170849084854,0.8666223883628845,0.6474357843399048,-0.1820828765630722
129,4.3,0.9328299760818481,0.46544551849365234,-2.6157178467656195e-07,0.8568599224090576,0.480002224445343,-0.020875882357358932,0.8136866688728333,0.5228245854377747,-0.060650382190942764,0.8025733828544617,0.57456374168396,-0.09192317724227905,0.8014822006225586,0.6145347356796265,-0.12446065992116928,0.7377516627311707,0.49048322439193726,-0.13814720511436462,0.7102163434028625,0.5676926970481873,-0.17325949668884277,0.7293516397476196,0.605540931224823,-0.17803139984607697,0.7546746730804443,0.6292160749435425,-0.17999114096164703,0.7829204201698303,0.49641475081443787,-0.14607034623622894,0.7366162538528442,0.5775684118270874,-0.18458682298660278,0.7488783597946167,0.6160743236541748,-0.18697179853916168,0.7746349573135376,0.6375170946121216,-0.1914345771074295,0.841661274433136,0.510953962802887,-0.1478523463010788,0.7959462404251099,0.5872647166252136,-0.17969419062137604,0.7992491722106934,0.6192997097969055,-0.17724882066249847,0.8123030066490173,0.6358852982521057,-0.17812159657478333,0.903478741645813,0.53104168176651,-0.14774653315544128,0.8728371858596802,0.5880494713783264,-0.182753324508667,0.8655737638473511,0.6171606183052063,-0.19066427648067474,0.8622387647628784,0.6356685161590576,-0.19587506353855133
130,4.333333333333333,0.9186239242553711,0.4695375859737396,-2.437317334624822e-07,0.9239707589149475,0.5029076933860779,-0.09848017245531082,0.9065278768539429,0.5468595027923584,-0.16207651793956757,0.8835248351097107,0.5922277569770813,-0.19884489476680756,0.8620418310165405,0.6293033361434937,-0.23123425245285034,0.7964537739753723,0.48995721340179443,-0.219783216714859,0.7626293301582336,0.5644391775131226,-0.2605060935020447,0.7732743620872498,0.6033225059509277,-0.259186714887619,0.7948744297027588,0.6308344602584839,-0.2538796663284302,0.7604179978370667,0.48335933685302734,-0.1810097098350525,0.7088025212287903,0.5614041090011597,-0.2341780811548233,0.7308220863342285,0.6009827852249146,-0.2364097684621811,0.768989622592926,0.6262876987457275,-0.23480546474456787,0.7439616918563843,0.4879876375198364,-0.13802093267440796,0.70162433385849,0.5610617995262146,-0.18087700009346008,0.7254042625427246,0.5963866114616394,-0.1797981858253479,0.7589055895805359,0.6183662414550781,-0.17723606526851654,0.7400399446487427,0.5005123019218445,-0.09883937984704971,0.7169600129127502,0.5529452562332153,-0.13821157813072205,0.7426184415817261,0.5823771357536316,-0.14596344530582428,0.7706632018089294,0.600774884223938,-0.14779840409755707
131,4.366666666666666,0.9119259119033813,0.4730747938156128,-3.209223962130636e-07,0.9283011555671692,0.5003544688224792,-0.11669124662876129,0.9074074625968933,0.5384790301322937,-0.18579721450805664,0.8774315118789673,0.5804765820503235,-0.2239476442337036,0.8560046553611755,0.6186119318008423,-0.25802478194236755,0.8056105971336365,0.4783748388290405,-0.2355196624994278,0.7664986252784729,0.5474423170089722,-0.286095529794693,0.770585298538208,0.5878591537475586,-0.2950913608074188,0.7838917970657349,0.6192321181297302,-0.29642730951309204,0.7605115175247192,0.472567617893219,-0.18713264167308807,0.7100474238395691,0.5410648584365845,-0.24535410106182098,0.7235205769538879,0.5828680992126465,-0.2548710107803345,0.7519642114639282,0.6131041049957275,-0.2601269781589508,0.7376863360404968,0.47765490412712097,-0.1362297236919403,0.701980710029602,0.5399328470230103,-0.18608112633228302,0.7201516032218933,0.5765436887741089,-0.19503004848957062,0.7462363839149475,0.6003676652908325,-0.19976764917373657,0.7296721935272217,0.4888586699962616,-0.09015265107154846,0.7094855308532715,0.5336520075798035,-0.13448849320411682,0.731185257434845,0.5619824528694153,-0.14913243055343628,0.7549261450767517,0.5798976421356201,-0.15688283741474152
132,4.4,0.9004267454147339,0.48036691546440125,-1.7144355979326065e-07,0.9209659695625305,0.5063516497612,-0.1355576515197754,0.9023083448410034,0.5350465178489685,-0.22050341963768005,0.8779218792915344,0.5695148706436157,-0.27204063534736633,0.8530195951461792,0.6035458445549011,-0.3223605453968048,0.7986752390861511,0.4696614742279053,-0.2679700553417206,0.7683549523353577,0.5368931293487549,-0.33288395404815674,0.7711132168769836,0.5770595073699951,-0.3558448851108551,0.7802208662033081,0.6092933416366577,-0.3679302930831909,0.7634413838386536,0.46850186586380005,-0.21681180596351624,0.7195091843605042,0.5309897661209106,-0.2955192029476166,0.7341528534889221,0.5750861167907715,-0.32101231813430786,0.7618961930274963,0.6105130910873413,-0.33688241243362427,0.7437343597412109,0.4770866632461548,-0.16370241343975067,0.7130518555641174,0.5308120250701904,-0.2305039018392563,0.7393631935119629,0.5668953061103821,-0.2484043836593628,0.7685959339141846,0.5914815664291382,-0.25798583030700684,0.7341944575309753,0.49117177724838257,-0.11637333035469055,0.7160013914108276,0.5297921299934387,-0.17135098576545715,0.742139458656311,0.5564447045326233,-0.1908576637506485,0.7677404880523682,0.5725091695785522,-0.20215775072574615
133,4.433333333333334,0.9121474623680115,0.4772694706916809,3.234715961752954e-07,0.8958090543746948,0.47795915603637695,-0.11952228844165802,0.8566607236862183,0.49667179584503174,-0.21378062665462494,0.8301970958709717,0.5325112342834473,-0.28048813343048096,0.8012028932571411,0.5703158974647522,-0.3500921428203583,0.7691875100135803,0.4531435966491699,-0.2767591178417206,0.7293391823768616,0.5093310475349426,-0.3594924807548523,0.7263171672821045,0.5485527515411377,-0.40389057993888855,0.7321357131004333,0.5823560357093811,-0.4354372024536133,0.775786817073822,0.471716046333313,-0.2503220736980438,0.7393717169761658,0.5220270156860352,-0.3515969216823578,0.7384310364723206,0.5637165307998657,-0.4035652279853821,0.7438647747039795,0.5988190770149231,-0.443229615688324,0.7985641360282898,0.49715104699134827,-0.21876311302185059,0.7781379222869873,0.5438669919967651,-0.2966950237751007,0.7964498996734619,0.5658552050590515,-0.31507521867752075,0.81584632396698,0.5801243185997009,-0.33008912205696106,0.8250283002853394,0.5259847044944763,-0.1924235075712204,0.816646933555603,0.5610431432723999,-0.2547859251499176,0.8355528116226196,0.5742007493972778,-0.26952558755874634,0.8516977429389954,0.5784351825714111,-0.28075873851776123
134,4.466666666666667,0.8961498141288757,0.4659668505191803,2.671667118647747e-07,0.9082010984420776,0.4791831076145172,-0.13250653445720673,0.8900361061096191,0.5028572678565979,-0.22742711007595062,0.8700681924819946,0.5380867719650269,-0.28947630524635315,0.8422682881355286,0.5763968825340271,-0.3520255386829376,0.796305775642395,0.44627508521080017,-0.29552531242370605,0.7560026049613953,0.4981027841567993,-0.38186341524124146,0.7438173890113831,0.5349552035331726,-0.42748913168907166,0.7413589358329773,0.5701822638511658,-0.45782700181007385,0.7686989903450012,0.45516011118888855,-0.2557268738746643,0.7368568181991577,0.5087056756019592,-0.35298019647598267,0.737047553062439,0.5488417744636536,-0.40273234248161316,0.7436887621879578,0.5818092823028564,-0.44146957993507385,0.761643648147583,0.4738342761993408,-0.21146124601364136,0.7367156147956848,0.523711085319519,-0.2911839783191681,0.7446010112762451,0.5563712120056152,-0.3200966417789459,0.7576719522476196,0.5813115835189819,-0.34185025095939636,0.7674912810325623,0.4982714354991913,-0.1719283163547516,0.7563278675079346,0.5331084132194519,-0.23643901944160461,0.7694259285926819,0.5525340437889099,-0.25954797863960266,0.7865047454833984,0.5635665059089661,-0.2766430675983429
143,4.766666666666667,0.23934689164161682,0.6574514508247375,-3.368394985159284e-08,0.2708984911441803,0.6646997928619385,-0.01712367683649063,0.2939438819885254,0.6636070609092712,-0.02708779275417328,0.30029296875,0.6585578322410583,-0.032424915581941605,0.2909316420555115,0.6524818539619446,-0.03788532316684723,0.3097342848777771,0.6422005891799927,-0.03689751774072647,0.2924405634403229,0.6476678252220154,-0.046776991337537766,0.28211259841918945,0.6519820690155029,-0.05260820686817169,0.2760125696659088,0.6532837748527527,-0.05685137212276459,0.2891344130039215,0.6296597719192505,-0.03258006274700165,0.28056174516677856,0.624890923500061,-0.039702579379081726,0.27340179681777954,0.6300103664398193,-0.04141538217663765,0.2681170701980591,0.63482266664505,-0.044574230909347534,0.26588693261146545,0.6218465566635132,-0.027759721502661705,0.2608061730861664,0.6151823401451111,-0.03366715461015701,0.2554837763309479,0.6217280626296997,-0.032745927572250366,0.2535158693790436,0.6280005574226379,-0.03354991599917412,0.2454800307750702,0.6183463335037231,-0.023901334032416344,0.24091917276382446,0.6133615970611572,-0.028809407725930214,0.23714226484298706,0.6190235614776611,-0.027094464749097824,0.23666934669017792,0.6241854429244995,-0.026261279359459877
150,5.0,0.24133595824241638,0.6395196914672852,7.541884450290581e-09,0.2659168839454651,0.6574437618255615,-0.02183903567492962,0.2794651687145233,0.6663872599601746,-0.03781334310770035,0.27727726101875305,0.6689222455024719,-0.050578322261571884,0.26509010791778564,0.6644392013549805,-0.06265723705291748,0.3102623224258423,0.6415854096412659,-0.04182226583361626,0.28910958766937256,0.6551598906517029,-0.06538597494363785,0.2669188678264618,0.6626389622688293,-0.0809345692396164,0.25330907106399536,0.6657641530036926,-0.08993738144636154,0.2934540808200836,0.62746661901474,-0.03907502442598343,0.273088276386261,0.643294095993042,-0.06342878937721252,0.2578558921813965,0.6541747450828552,-0.07442960888147354,0.24949535727500916,0.6605782508850098,-0.08109347522258759,0.2744405269622803,0.618190586566925,-0.03746835142374039,0.25543922185897827,0.6330795288085938,-0.05866079404950142,0.24742567539215088,0.6436899900436401,-0.06412503868341446,0.2447597086429596,0.6498085260391235,-0.0655398964881897,0.2585621774196625,0.6122909188270569,-0.03723057731986046,0.2435099482536316,0.620438814163208,-0.05302689969539642,0.23833462595939636,0.6273364424705505,-0.05753612145781517,0.23746436834335327,0.6322950720787048,-0.05937879532575607
172,5.733333333333333,0.7093298435211182,0.39108791947364807,-1.1573763458727626e-07,0.7235523462295532,0.35420435667037964,-0.08421722799539566,0.6908512711524963,0.3163954019546509,-0.10347003489732742,0.6297392845153809,0.2934347987174988,-0.11061513423919678,0.5775330066680908,0.27400723099708557,-0.11184518784284592,0.6927929520606995,0.2729649841785431,-0.007314768154174089,0.6341647505760193,0.24825038015842438,-0.044669829308986664,0.5821793675422668,0.24398425221443176,-0.07786136865615845,0.5389707088470459,0.24347305297851562,-0.0954425260424614,0.6456900238990784,0.290724515914917,0.02056860737502575,0.5766786336898804,0.2750827670097351,-0.035488467663526535,0.5498893857002258,0.2891465723514557,-0.08450935781002045,0.5326409339904785,0.3001767098903656,-0.10379405319690704,0.6098431348800659,0.31159135699272156,0.03450571373105049,0.5562590956687927,0.3032362759113312,-0.03453189507126808,0.5494243502616882,0.31669196486473083,-0.0854712724685669,0.5469750165939331,0.3196409344673157,-0.09966586530208588,0.5846534967422485,0.33186113834381104,0.04342576488852501,0.5398881435394287,0.31884968280792236,-0.013506724499166012,0.5143017768859863,0.3150651752948761,-0.05177854746580124,0.5000354051589966,0.30386143922805786,-0.06756903976202011
173,5.766666666666667,0.7019551992416382,0.3994167149066925,-9.517902910261e-09,0.7010959982872009,0.36000561714172363,-0.08121518790721893,0.6733382940292358,0.32552096247673035,-0.10303850471973419,0.6167300343513489,0.3059532344341278,-0.11400599032640457,0.5641994476318359,0.28743019700050354,-0.1216237023472786,0.6792359352111816,0.2827202379703522,-0.01459414605051279,0.6211749911308289,0.2552630603313446,-0.04520414024591446,0.5684557557106018,0.24809284508228302,-0.08376094698905945,0.5241380929946899,0.2484995424747467,-0.10994455218315125,0.6367788910865784,0.30131012201309204,0.01240586582571268,0.5701598525047302,0.2739441394805908,-0.030749531462788582,0.526904821395874,0.2804608643054962,-0.08998548239469528,0.49527907371520996,0.2937243580818176,-0.12512539327144623,0.6033883094787598,0.32123827934265137,0.028667788952589035,0.544889509677887,0.296763151884079,-0.017235448583960533,0.5085707306861877,0.3001120090484619,-0.07683499902486801,0.4845339059829712,0.3079092502593994,-0.10867813229560852,0.5814411044120789,0.341134637594223,0.039357200264930725,0.5357582569122314,0.3232440650463104,-0.0007362169562838972,0.49830830097198486,0.3171669840812683,-0.04345334321260452,0.4697730541229248,0.312544047832489,-0.07036147266626358
174,5.8,0.6911817789077759,0.4035293757915497,-2.0982991344453694e-08,0.6856447458267212,0.3645539879798889,-0.08873871713876724,0.6538370847702026,0.32873910665512085,-0.10919036716222763,0.59747713804245,0.30953797698020935,-0.11585084348917007,0.5466180443763733,0.29246771335601807,-0.11811114847660065,0.663779079914093,0.2869630455970764,-0.021058576181530952,0.6052552461624146,0.2599810063838959,-0.05446239188313484,0.551533579826355,0.25363314151763916,-0.09400829672813416,0.507071852684021,0.2555345296859741,-0.11955862492322922,0.6226715445518494,0.30597761273384094,0.01124598179012537,0.554278552532196,0.2792593240737915,-0.033029355108737946,0.5084202885627747,0.2850490212440491,-0.0920364037156105,0.475974977016449,0.29796385765075684,-0.12634123861789703,0.5902923345565796,0.32529351115226746,0.03166336938738823,0.5307663679122925,0.3022674024105072,-0.017948076128959656,0.49495959281921387,0.3067891001701355,-0.08133126050233841,0.47167903184890747,0.3139805197715759,-0.11426854878664017,0.56955486536026,0.34339889883995056,0.04620669409632683,0.5224822759628296,0.3291846215724945,0.0013575118500739336,0.4873420298099518,0.32600343227386475,-0.04550972953438759,0.46046751737594604,0.3231131136417389,-0.07417465001344681
175,5.833333333333333,0.6834087371826172,0.4059685468673706,3.619428978751671e-09,0.6764521598815918,0.36754095554351807,-0.08777511119842529,0.6425701379776001,0.33281829953193665,-0.10855039209127426,0.5846169590950012,0.3147531747817993,-0.11564138531684875,0.5345597863197327,0.29774099588394165,-0.1186327412724495,0.6484910249710083,0.29035818576812744,-0.02169230580329895,0.5898102521896362,0.2659866511821747,-0.053349439054727554,0.5379826426506042,0.2588839530944824,-0.09104949980974197,0.49547824263572693,0.25880253314971924,-0.11607633531093597,0.6074933409690857,0.309118390083313,0.00936384592205286,0.5365027189254761,0.2822328507900238,-0.03531752526760101,0.49354666471481323,0.28883489966392517,-0.09253507852554321,0.4641156792640686,0.3022209405899048,-0.12500153481960297,0.5762926340103149,0.32884934544563293,0.02889014221727848,0.5147976875305176,0.30719423294067383,-0.022099465131759644,0.4810267388820648,0.3124311864376068,-0.08375777304172516,0.45946210622787476,0.31966274976730347,-0.11477161198854446,0.556670606136322,0.34771689772605896,0.04270009323954582,0.5075331330299377,0.33378341794013977,-0.0031874871347099543,0.4722439646720886,0.3305990397930145,-0.049148716032505035,0.44478124380111694,0.32729625701904297,-0.07687094807624817
176,5.866666666666666,0.674419105052948,0.40972885489463806,-3.388373670532019e-08,0.6666713953018188,0.3711569905281067,-0.0877380520105362,0.6300739645957947,0.33682143688201904,-0.10926368832588196,0.5696167349815369,0.32028234004974365,-0.11675911396741867,0.519604504108429,0.3035786747932434,-0.12003052234649658,0.6359937787055969,0.29380565881729126,-0.0263541117310524,0.5757676959037781,0.27072447538375854,-0.06007517874240875,0.5237668752670288,0.26536625623703003,-0.09865930676460266,0.4800233542919159,0.2668367028236389,-0.12406296283006668,0.5972150564193726,0.31244489550590515,0.004457452800124884,0.5235742330551147,0.28817275166511536,-0.041354209184646606,0.47900062799453735,0.29675793647766113,-0.09748846292495728,0.44731953740119934,0.3112523853778839,-0.12937460839748383,0.5670105814933777,0.33236199617385864,0.023834023624658585,0.5035644173622131,0.31169864535331726,-0.027135124430060387,0.4680134057998657,0.31780171394348145,-0.0867268517613411,0.44292759895324707,0.3256395757198334,-0.11672257632017136,0.5480491518974304,0.35172078013420105,0.0374411940574646,0.49839383363723755,0.33861151337623596,-0.008236235938966274,0.46209603548049927,0.33591705560684204,-0.053056880831718445,0.4315744638442993,0.33292773365974426,-0.08007471263408661
177,5.9,0.666340708732605,0.4137323200702667,-2.2010127054272743e-08,0.6545776128768921,0.37560123205184937,-0.08964665979146957,0.6158178448677063,0.3416886627674103,-0.10995470732450485,0.5565826296806335,0.3264031708240509,-0.11599733680486679,0.505803108215332,0.3107786178588867,-0.1172066181898117,0.6247835159301758,0.29869377613067627,-0.020445195958018303,0.5624920725822449,0.27576330304145813,-0.052253685891628265,0.5112614631652832,0.2703882157802582,-0.08920798450708389,0.4684062600135803,0.27092236280441284,-0.11352163553237915,0.5856066346168518,0.3189665973186493,0.011515936814248562,0.5114482641220093,0.29671528935432434,-0.03633638471364975,0.4704168736934662,0.3063375949859619,-0.09508049488067627,0.4420081079006195,0.32023799419403076,-0.12732082605361938,0.5547999739646912,0.33939871191978455,0.03146728128194809,0.49148619174957275,0.320480078458786,-0.022070227190852165,0.4578530192375183,0.3275054395198822,-0.0860641747713089,0.43405982851982117,0.3339027166366577,-0.11769299954175949,0.535245418548584,0.35767072439193726,0.04566650465130806,0.48645615577697754,0.34575214982032776,-0.001375578809529543,0.45186036825180054,0.3438636064529419,-0.049272727221250534,0.4233517646789551,0.3399799168109894,-0.07810258120298386
178,5.933333333333334,0.6586797833442688,0.41641226410865784,-4.003035769528651e-08,0.6452490091323853,0.3806845247745514,-0.09495797008275986,0.6065775752067566,0.3475906252861023,-0.11855876445770264,0.5478454828262329,0.33179256319999695,-0.12640509009361267,0.4939817488193512,0.3158973455429077,-0.12913930416107178,0.6144511699676514,0.3020467758178711,-0.029962485656142235,0.5494969487190247,0.2806602716445923,-0.06323053687810898,0.4981902837753296,0.276028573513031,-0.10074496269226074,0.4547382891178131,0.2765083312988281,-0.12561719119548798,0.5768803358078003,0.32319554686546326,0.004773023072630167,0.49946555495262146,0.3049759566783905,-0.04537208005785942,0.464267760515213,0.3176542818546295,-0.10394216328859329,0.44193559885025024,0.33268094062805176,-0.13577190041542053,0.5466626286506653,0.343990296125412,0.027568383142352104,0.4812168478965759,0.3265412747859955,-0.027019724249839783,0.4510050415992737,0.33511537313461304,-0.089457668364048,0.4306301474571228,0.3419502377510071,-0.1201467514038086,0.5272599458694458,0.3617155849933624,0.04426846280694008,0.478095144033432,0.35157397389411926,-0.0028558289632201195,0.4432310461997986,0.3512911796569824,-0.049745213240385056,0.4146105647087097,0.34858810901641846,-0.07785309106111526
179,5.966666666666667,0.6486486792564392,0.4202483892440796,-1.0088924540241351e-07,0.6332866549491882,0.3843541443347931,-0.09529688209295273,0.5930929780006409,0.35242629051208496,-0.11733493953943253,0.5326152443885803,0.33887720108032227,-0.12292088568210602,0.4787823259830475,0.32348766922950745,-0.12325803190469742,0.6055821776390076,0.30495670437812805,-0.03129750117659569,0.539387583732605,0.2863902151584625,-0.06919227540493011,0.48598748445510864,0.2841618061065674,-0.11033319681882858,0.44194796681404114,0.2881319522857666,-0.13657352328300476,0.5669749975204468,0.32616013288497925,0.003208047477528453,0.4842308759689331,0.3045143783092499,-0.04769568145275116,0.4424009621143341,0.31710460782051086,-0.10775858908891678,0.4154650866985321,0.33329257369041443,-0.1410306990146637,0.5363473892211914,0.34680652618408203,0.025259636342525482,0.4680168926715851,0.3291645050048828,-0.03361820429563522,0.4368824362754822,0.34048572182655334,-0.09956948459148407,0.41679662466049194,0.3497546911239624,-0.131551593542099,0.5180086493492126,0.3650679588317871,0.041499391198158264,0.4669778645038605,0.35545703768730164,-0.011799314990639687,0.4342806339263916,0.35726067423820496,-0.062532439827919,0.40760862827301025,0.3573914170265198,-0.09246931970119476
180,6.0,0.6428962349891663,0.42284685373306274,-1.142662497954916e-07,0.6260164380073547,0.38669145107269287,-0.09268206357955933,0.5828716158866882,0.35603976249694824,-0.11322607845067978,0.5210914015769958,0.34476205706596375,-0.11757582426071167,0.46734699606895447,0.332245409488678,-0.11640675365924835,0.593198835849762,0.3082009255886078,-0.027812285348773003,0.5268487334251404,0.2905333638191223,-0.06242221221327782,0.4732744097709656,0.2902623414993286,-0.10118521004915237,0.43027037382125854,0.29639431834220886,-0.12572768330574036,0.5555593967437744,0.3295363783836365,0.006857661996036768,0.47315141558647156,0.3106933534145355,-0.038822486996650696,0.43217039108276367,0.3236739933490753,-0.09497697651386261,0.40772804617881775,0.3399457335472107,-0.1263902187347412,0.5263781547546387,0.35080423951148987,0.0291135311126709,0.4573003947734833,0.3349732458591461,-0.024328026920557022,0.42776918411254883,0.3454417586326599,-0.0870833694934845,0.4105035960674286,0.3540205955505371,-0.11806128174066544,0.5090322494506836,0.3700297474861145,0.045469336211681366,0.4552592635154724,0.36078500747680664,-0.004328676965087652,0.42026013135910034,0.36202549934387207,-0.053422894328832626,0.39375728368759155,0.36109185218811035,-0.08259283006191254
181,6.033333333333333,0.6367504000663757,0.4258486032485962,-1.7340069291549298e-07,0.6178985834121704,0.39146238565444946,-0.09669426828622818,0.5737902522087097,0.361853688955307,-0.12036736309528351,0.5112137794494629,0.35123100876808167,-0.12649427354335785,0.45490550994873047,0.33951473236083984,-0.12706540524959564,0.5855423212051392,0.3110485076904297,-0.03807850182056427,0.5201846957206726,0.29514726996421814,-0.07886336743831635,0.46587470173835754,0.2961520254611969,-0.12147840857505798,0.4205721914768219,0.3035687804222107,-0.1481935977935791,0.5481043457984924,0.3323579728603363,-0.002616310492157936,0.46178382635116577,0.3146114945411682,-0.05490904673933983,0.41940855979919434,0.3320970833301544,-0.11255116015672684,0.39354410767555237,0.35161060094833374,-0.1437581479549408,0.5179080367088318,0.35338881611824036,0.020332057029008865,0.4466836452484131,0.3396482467651367,-0.03932305797934532,0.41767483949661255,0.35431990027427673,-0.10141521692276001,0.4001528024673462,0.3650079071521759,-0.13043023645877838,0.5010453462600708,0.3721140921115875,0.03727077320218086,0.4480951428413391,0.3643478453159332,-0.016294842585921288,0.4140571355819702,0.36754244565963745,-0.06498351693153381,0.38672471046447754,0.3683781325817108,-0.09310656040906906
182,6.066666666666666,0.6326799392700195,0.4293901324272156,-1.6599479124579375e-07,0.6089058518409729,0.39414840936660767,-0.09369923919439316,0.5621966123580933,0.36538368463516235,-0.11514250189065933,0.5003415942192078,0.3554597496986389,-0.12030015885829926,0.44480961561203003,0.3430337905883789,-0.12000750750303268,0.5762706398963928,0.3153073787689209,-0.029133209958672523,0.5065659880638123,0.30058810114860535,-0.06659441441297531,0.45343121886253357,0.301836222410202,-0.10852786153554916,0.40904778242111206,0.3085585832595825,-0.13549834489822388,0.5409802198410034,0.33742111921310425,0.005945783574134111,0.45626598596572876,0.32363054156303406,-0.04270194470882416,0.4129999279975891,0.3381149470806122,-0.10171084105968475,0.3835867643356323,0.3550967872142792,-0.1355857253074646,0.5126205086708069,0.3586936593055725,0.02846895344555378,0.44185933470726013,0.347465842962265,-0.027146264910697937,0.41219446063041687,0.3594968318939209,-0.09082692116498947,0.39256972074508667,0.36889997124671936,-0.12267915904521942,0.4965098798274994,0.3770904242992401,0.044927168637514114,0.4436377286911011,0.37138402462005615,-0.006862959824502468,0.4119693636894226,0.3754880726337433,-0.056699514389038086,0.3870556056499481,0.37706318497657776,-0.08639108389616013
183,6.1,0.6291523575782776,0.4320083260536194,-1.7183270983878174e-07,0.6011396646499634,0.39787688851356506,-0.09560095518827438,0.5533531904220581,0.3693142831325531,-0.1145906001329422,0.491649866104126,0.3602447509765625,-0.11638623476028442,0.43614068627357483,0.34875279664993286,-0.11230175942182541,0.5667548775672913,0.3205875754356384,-0.026153162121772766,0.49547165632247925,0.3057989776134491,-0.06047986075282097,0.44167742133140564,0.30780288577079773,-0.10142860561609268,0.3979775905609131,0.3154478073120117,-0.12792690098285675,0.5346091389656067,0.34244075417518616,0.011729208752512932,0.45015090703964233,0.3298771381378174,-0.032242514193058014,0.40546998381614685,0.34343668818473816,-0.0913272276520729,0.37561923265457153,0.36006057262420654,-0.12673832476139069,0.5076349377632141,0.3628596365451813,0.03672762215137482,0.43557560443878174,0.3524400293827057,-0.014646194875240326,0.4027112126350403,0.36458927392959595,-0.08019744604825974,0.38206374645233154,0.3748244643211365,-0.11482858657836914,0.49252715706825256,0.3800431489944458,0.05535335838794708,0.43915343284606934,0.3756047785282135,0.00566327478736639,0.4082939326763153,0.3808811902999878,-0.0454278402030468,0.385489821434021,0.38466912508010864,-0.07676127552986145
184,6.133333333333334,0.6247230768203735,0.43610280752182007,-1.903585769014171e-07,0.5949341654777527,0.4030742645263672,-0.1049884632229805,0.5458077788352966,0.37544459104537964,-0.12917351722717285,0.48310133814811707,0.3668103814125061,-0.13448448479175568,0.4257804751396179,0.35576850175857544,-0.1336064636707306,0.562755823135376,0.32300859689712524,-0.03554941341280937,0.4846879541873932,0.3120925724506378,-0.07635992020368576,0.42785704135894775,0.31642046570777893,-0.12161792814731598,0.3839205503463745,0.325907438993454,-0.1503053605556488,0.5289960503578186,0.34464213252067566,0.0058378977701067924,0.43787121772766113,0.33398863673210144,-0.04569411650300026,0.3954305648803711,0.35327762365341187,-0.10694384574890137,0.3709091544151306,0.3724759519100189,-0.1418718695640564,0.5004396438598633,0.3646199703216553,0.03343488648533821,0.4239691197872162,0.3551328480243683,-0.024940773844718933,0.3931019604206085,0.37238818407058716,-0.09038113802671432,0.37765443325042725,0.3853081464767456,-0.12272002547979355,0.4839639961719513,0.3810817003250122,0.05392071604728699,0.43065232038497925,0.377474308013916,-0.0004490895662456751,0.40140071511268616,0.38588058948516846,-0.05184945464134216,0.3820211887359619,0.39231809973716736,-0.08196629583835602
185,6.166666666666667,0.6215720772743225,0.4388544261455536,-1.7807478513987007e-07,0.595537543296814,0.4074370563030243,-0.10247854888439178,0.5442941188812256,0.3798680007457733,-0.12864096462726593,0.4747040569782257,0.37308892607688904,-0.136940136551857,0.412655770778656,0.36837008595466614,-0.13960051536560059,0.5485067963600159,0.328664094209671,-0.03488155081868172,0.47203773260116577,0.3194582760334015,-0.07502994686365128,0.4179539084434509,0.32485783100128174,-0.11714503169059753,0.37599635124206543,0.33370035886764526,-0.14373089373111725,0.5141010284423828,0.3497515320777893,0.003989769611507654,0.42089056968688965,0.34173867106437683,-0.04845399037003517,0.38297951221466064,0.36229243874549866,-0.10595967620611191,0.3619545102119446,0.38047319650650024,-0.13701048493385315,0.4875146746635437,0.3701687157154083,0.02942485176026821,0.4109288156032562,0.3624809980392456,-0.03332269936800003,0.3879600763320923,0.38062506914138794,-0.09615031629800797,0.38021382689476013,0.39380985498428345,-0.1243700459599495,0.47452810406684875,0.3870050311088562,0.04828804358839989,0.4194088876247406,0.3835882246494293,-0.010655306279659271,0.3967842757701874,0.3927457332611084,-0.060886092483997345,0.38525331020355225,0.40000221133232117,-0.08821295201778412
186,6.2,0.6148275136947632,0.4405962824821472,-1.854703128856272e-07,0.5867142081260681,0.4126739799976349,-0.10517629235982895,0.5342773199081421,0.386568546295166,-0.13424468040466309,0.46602538228034973,0.3803940713405609,-0.14478056132793427,0.40413933992385864,0.37554189562797546,-0.15011949837207794,0.5382489562034607,0.33138298988342285,-0.044857315719127655,0.4587996006011963,0.32477492094039917,-0.08651211857795715,0.4058913588523865,0.3321283757686615,-0.12940311431884766,0.3646996021270752,0.34255069494247437,-0.156541109085083,0.5057963132858276,0.3528575301170349,-0.004050334449857473,0.4113733172416687,0.3501986861228943,-0.058181505650281906,0.37480202317237854,0.3737761974334717,-0.11504844576120377,0.3543456792831421,0.3940643072128296,-0.14569611847400665,0.48031073808670044,0.3735649883747101,0.02390352264046669,0.4021606743335724,0.3705761730670929,-0.03901877999305725,0.3801366686820984,0.39323505759239197,-0.09918643534183502,0.3724301755428314,0.40903663635253906,-0.1258469820022583,0.4675833582878113,0.3902567923069,0.0451437309384346,0.4144043028354645,0.39132800698280334,-0.013865381479263306,0.39275792241096497,0.4041570723056793,-0.06260377913713455,0.3808740973472595,0.41376274824142456,-0.08865977078676224
187,6.233333333333333,0.6106067299842834,0.44436678290367126,-2.3080282574028388e-07,0.5758379697799683,0.41645002365112305,-0.10357361286878586,0.5218796730041504,0.39183828234672546,-0.12868039309978485,0.4544416666030884,0.38639000058174133,-0.1348273903131485,0.3962162733078003,0.38204166293144226,-0.1351895034313202,0.5348785519599915,0.33574673533439636,-0.036332011222839355,0.45397934317588806,0.3295117914676666,-0.07324390858411789,0.39890438318252563,0.3391982614994049,-0.11378002166748047,0.3562912940979004,0.35173699259757996,-0.13961395621299744,0.5008284449577332,0.35706964135169983,0.006544995121657848,0.40101176500320435,0.3542410433292389,-0.04239191487431526,0.36157697439193726,0.37872904539108276,-0.10001733899116516,0.3401607275009155,0.39990895986557007,-0.13228818774223328,0.47294673323631287,0.37694624066352844,0.036598291248083115,0.39187902212142944,0.37420395016670227,-0.0226235743612051,0.370434045791626,0.3965461552143097,-0.0872180163860321,0.36477038264274597,0.4132896661758423,-0.11761747300624847,0.4567590355873108,0.39273884892463684,0.06022519990801811,0.40363720059394836,0.3945961892604828,0.002312492812052369,0.38447803258895874,0.4080514907836914,-0.05038903281092644,0.37602001428604126,0.41895294189453125,-0.07974450290203094
188,6.266666666666667,0.6081198453903198,0.44664666056632996,-2.2208166683412855e-07,0.5725549459457397,0.4212878346443176,-0.11016836762428284,0.5161582827568054,0.3977397382259369,-0.13665975630283356,0.44681838154792786,0.3941979706287384,-0.14224480092525482,0.38600319623947144,0.39341551065444946,-0.14183783531188965,0.5252677798271179,0.3398432731628418,-0.04114732891321182,0.44096803665161133,0.33618783950805664,-0.07806602120399475,0.3876205086708069,0.3483608365058899,-0.1185053139925003,0.3476901352405548,0.3623030483722687,-0.14345115423202515,0.4941699206829071,0.36115801334381104,0.0060559967532753944,0.393320232629776,0.3611198961734772,-0.04119028523564339,0.3565932810306549,0.38633373379707336,-0.09834298491477966,0.33827143907546997,0.40716278553009033,-0.1302732676267624,0.4679241478443146,0.3808884024620056,0.039801184087991714,0.3854873776435852,0.37942975759506226,-0.01817278191447258,0.3640598654747009,0.402063250541687,-0.08414757251739502,0.35982397198677063,0.41818997263908386,-0.11538830399513245,0.4523335099220276,0.39546775817871094,0.06665096431970596,0.3968505263328552,0.3978136479854584,0.00958268716931343,0.38065117597579956,0.41179928183555603,-0.04355556517839432,0.3772207200527191,0.423275351524353,-0.07296837866306305
189,6.3,0.6056048274040222,0.4487181603908539,-2.028578904855749e-07,0.5671291947364807,0.4233887493610382,-0.10418568551540375,0.510618269443512,0.4019455909729004,-0.12528307735919952,0.4428780972957611,0.4000310003757477,-0.12669737637043,0.3841506838798523,0.39967525005340576,-0.12194406241178513,0.5161279439926147,0.34572410583496094,-0.026080699637532234,0.4338529407978058,0.34143000841140747,-0.05548212677240372,0.381491482257843,0.35246366262435913,-0.09177528321743011,0.3431263566017151,0.3660696744918823,-0.11430422961711884,0.48805907368659973,0.3673410713672638,0.01978653483092785,0.3909657597541809,0.36738166213035583,-0.01946040615439415,0.35786107182502747,0.3910461962223053,-0.07429180294275284,0.343031644821167,0.41109395027160645,-0.10505900532007217,0.4646124839782715,0.38737401366233826,0.05231756716966629,0.3850226402282715,0.3859867751598358,0.0004878536856267601,0.36896753311157227,0.40767547488212585,-0.06519269943237305,0.36957651376724243,0.42312467098236084,-0.0964454859495163,0.45155635476112366,0.40187782049179077,0.07826121896505356,0.3962327241897583,0.40373682975769043,0.02590913698077202,0.38432276248931885,0.4167026877403259,-0.025757430121302605,0.3871921896934509,0.4276459515094757,-0.05421086400747299
190,6.333333333333333,0.6059273481369019,0.4513222277164459,-2.011569222304388e-07,0.563598096370697,0.4279981255531311,-0.10094603896141052,0.5074063539505005,0.40712741017341614,-0.12106775492429733,0.4402107000350952,0.40427929162979126,-0.12201841920614243,0.3821560740470886,0.40364906191825867,-0.11711866408586502,0.5134883522987366,0.34960538148880005,-0.023726699873805046,0.42892754077911377,0.3467336893081665,-0.049968719482421875,0.3766329884529114,0.3580799996852875,-0.0858452171087265,0.33866068720817566,0.3716311454772949,-0.10888253152370453,0.486931174993515,0.3707751929759979,0.022259168326854706,0.391301691532135,0.3724278211593628,-0.012440619990229607,0.3558507561683655,0.3961733877658844,-0.0665612667798996,0.3389087915420532,0.41725921630859375,-0.09858262538909912,0.464238703250885,0.39031606912612915,0.055615294724702835,0.38351017236709595,0.3898281157016754,0.011042023077607155,0.36148902773857117,0.41231948137283325,-0.05266963317990303,0.35795536637306213,0.4299044609069824,-0.08521014451980591,0.45114174485206604,0.4044884741306305,0.0822797492146492,0.3967880606651306,0.4074338376522064,0.03590843454003334,0.3822852373123169,0.4207995533943176,-0.013955063186585903,0.38341549038887024,0.43301117420196533,-0.04258805885910988
191,6.366666666666666,0.603181779384613,0.4521533250808716,-1.5357859695086518e-07,0.5629708170890808,0.43043357133865356,-0.10904209315776825,0.5051947832107544,0.41065943241119385,-0.1339467167854309,0.43641310930252075,0.4099896252155304,-0.13879166543483734,0.3755796551704407,0.41109657287597656,-0.1377900391817093,0.503156304359436,0.3523820638656616,-0.02941388450562954,0.4179578423500061,0.35178476572036743,-0.0597696527838707,0.3672321140766144,0.3652550280094147,-0.0978018045425415,0.33226388692855835,0.3805191218852997,-0.12133867293596268,0.47640615701675415,0.37433722615242004,0.018935423344373703,0.38080739974975586,0.37664201855659485,-0.022457312792539597,0.34746789932250977,0.4018789529800415,-0.07980819791555405,0.3348052501678467,0.4244459867477417,-0.11203077435493469,0.4533342123031616,0.3942854702472687,0.053636983036994934,0.37385284900665283,0.39433753490448,0.001016702619381249,0.3546675443649292,0.41751351952552795,-0.06681196391582489,0.35725951194763184,0.43551725149154663,-0.09941721707582474,0.4398098587989807,0.4082243740558624,0.08141140639781952,0.3842703402042389,0.4111287295818329,0.028593173250555992,0.37108445167541504,0.42513948678970337,-0.024683089926838875,0.375878244638443,0.438059538602829,-0.054258909076452255
192,6.4,0.6040782332420349,0.4544354975223541,-1.6660860069350747e-07,0.5606369376182556,0.43385541439056396,-0.10644432157278061,0.5011458396911621,0.41486382484436035,-0.13092924654483795,0.43172115087509155,0.4147373139858246,-0.1355295479297638,0.3703306317329407,0.4176409840583801,-0.13437935709953308,0.4978581368923187,0.35671931505203247,-0.030496492981910706,0.4137616753578186,0.3566681742668152,-0.059376657009124756,0.36319297552108765,0.37111371755599976,-0.09728880971670151,0.32806044816970825,0.3884533941745758,-0.12101534008979797,0.47232139110565186,0.37950649857521057,0.017655786126852036,0.3787006735801697,0.3819578289985657,-0.01883017085492611,0.3453921973705292,0.4066639840602875,-0.07413392513990402,0.33176758885383606,0.4297017455101013,-0.10693588107824326,0.4513213634490967,0.3999999463558197,0.052824653685092926,0.37149521708488464,0.40016570687294006,0.0086544593796134,0.34816545248031616,0.4225630760192871,-0.05473006144165993,0.345933735370636,0.4412197470664978,-0.0875699445605278,0.43953222036361694,0.41563680768013,0.08076813071966171,0.3843122720718384,0.4177968502044678,0.03721002861857414,0.3654569685459137,0.43011781573295593,-0.011529679410159588,0.3648008704185486,0.44299206137657166,-0.04041500762104988
193,6.433333333333334,0.6055722832679749,0.45894452929496765,-1.9535698925210454e-07,0.5588870048522949,0.4376503527164459,-0.09768141061067581,0.49852454662323,0.419032484292984,-0.11595489829778671,0.42859622836112976,0.41877466440200806,-0.1154644563794136,0.3707249164581299,0.4213458299636841,-0.10882075130939484,0.492990106344223,0.3622012138366699,-0.019912131130695343,0.4090990722179413,0.3610987663269043,-0.04325432702898979,0.35897719860076904,0.3746604323387146,-0.07651744782924652,0.32320818305015564,0.39030563831329346,-0.09785570204257965,0.468281090259552,0.3846670389175415,0.025620322674512863,0.3724033832550049,0.38970136642456055,-0.005315280519425869,0.34418055415153503,0.41560640931129456,-0.05632355436682701,0.3340272903442383,0.43753817677497864,-0.0865200012922287,0.4480346441268921,0.40513867139816284,0.05900050699710846,0.3655357360839844,0.40719178318977356,0.018919631838798523,0.3475433886051178,0.43135666847229004,-0.04045586660504341,0.3489002585411072,0.4501429498195648,-0.07064750045537949,0.4371420443058014,0.4209342300891876,0.08584283292293549,0.3795292377471924,0.42419296503067017,0.04464409872889519,0.3661428689956665,0.4374232292175293,-0.0008269579266197979,0.3709087073802948,0.450246661901474,-0.026711899787187576
194,6.466666666666667,0.6021531224250793,0.45749545097351074,-1.681177650425525e-07,0.5570982694625854,0.4412769377231598,-0.10911828279495239,0.49631267786026,0.42455995082855225,-0.1355983316898346,0.42575743794441223,0.42445215582847595,-0.14089274406433105,0.36396539211273193,0.4279026687145233,-0.14020171761512756,0.48672470450401306,0.36274203658103943,-0.03917454183101654,0.3999533951282501,0.36589497327804565,-0.06826599687337875,0.3519868552684784,0.3806208670139313,-0.10399451106786728,0.3180442154407501,0.3961203694343567,-0.12652535736560822,0.460791677236557,0.3842300474643707,0.010629890486598015,0.3597380518913269,0.3940381407737732,-0.028650766238570213,0.33682575821876526,0.4236496388912201,-0.08037355542182922,0.3330668807029724,0.44660067558288574,-0.10918083041906357,0.43943148851394653,0.40436452627182007,0.0480993427336216,0.3526213765144348,0.4101829528808594,0.0003645237593445927,0.3415883183479309,0.4368728697299957,-0.05719490349292755,0.350450724363327,0.4550674259662628,-0.08411745727062225,0.426486611366272,0.4193160831928253,0.07836464792490005,0.36639243364334106,0.42537030577659607,0.03163156285881996,0.35760974884033203,0.4407425820827484,-0.013459283858537674,0.3685237169265747,0.4533667266368866,-0.03767351806163788
195,6.5,0.596046507358551,0.45656630396842957,-1.889882526029396e-07,0.5555077791213989,0.44161030650138855,-0.10563737899065018,0.4951384961605072,0.4263016879558563,-0.13117773830890656,0.42543458938598633,0.4284197986125946,-0.13562394678592682,0.3650627136230469,0.43380701541900635,-0.1342376470565796,0.4778778851032257,0.36511343717575073,-0.04305336996912956,0.3906416594982147,0.36971786618232727,-0.07152987271547318,0.3430623710155487,0.38581621646881104,-0.10664128512144089,0.31067216396331787,0.40248602628707886,-0.12864340841770172,0.45197778940200806,0.38695818185806274,0.0057306294329464436,0.35430192947387695,0.39685195684432983,-0.028890477493405342,0.332212895154953,0.4255567491054535,-0.0766933411359787,0.3294672966003418,0.4480297267436981,-0.10422957688570023,0.43158453702926636,0.40745338797569275,0.04295071214437485,0.3457402288913727,0.4131290018558502,0.0020923512056469917,0.3336102366447449,0.4390098452568054,-0.049752406775951385,0.341959148645401,0.45638951659202576,-0.075033038854599,0.42073768377304077,0.4232698976993561,0.07289109379053116,0.3597978353500366,0.4284970462322235,0.03277403488755226,0.3491894602775574,0.4423559010028839,-0.007166784722357988,0.35936829447746277,0.45407646894454956,-0.02904198132455349
196,6.533333333333333,0.595883309841156,0.4567362368106842,-2.301592303410871e-07,0.5527238845825195,0.44274792075157166,-0.10516536235809326,0.48967188596725464,0.4280083477497101,-0.12779246270656586,0.42065688967704773,0.43081653118133545,-0.12738734483718872,0.36379969120025635,0.4373966157436371,-0.1204560250043869,0.47857704758644104,0.3660404682159424,-0.04877854511141777,0.38772299885749817,0.37176477909088135,-0.0763767659664154,0.3379247188568115,0.38939857482910156,-0.1089915782213211,0.3063042163848877,0.407146155834198,-0.12853266298770905,0.45454108715057373,0.38829976320266724,0.0029401553329080343,0.3535548448562622,0.40047624707221985,-0.028578339144587517,0.33222824335098267,0.43008121848106384,-0.07025965303182602,0.333623468875885,0.45194944739341736,-0.0935496836900711,0.4346575438976288,0.4090117812156677,0.043403517454862595,0.3464312255382538,0.4163951575756073,0.005392457824200392,0.3379918932914734,0.4424619674682617,-0.041517604142427444,0.34919172525405884,0.45776182413101196,-0.06358587741851807,0.4228622615337372,0.42341500520706177,0.07678808271884918,0.3611796498298645,0.43110936880111694,0.038135774433612823,0.3545433580875397,0.44578319787979126,0.0009429283672943711,0.36813488602638245,0.4563649296760559,-0.018532412126660347
197,6.566666666666666,0.5976794958114624,0.4574621915817261,-2.2148330458549026e-07,0.5551790595054626,0.44296422600746155,-0.1001918762922287,0.49236348271369934,0.4282052218914032,-0.12144540250301361,0.422079473733902,0.4315650761127472,-0.12116172164678574,0.36331287026405334,0.4379332661628723,-0.11470592767000198,0.47721368074417114,0.3675183653831482,-0.04100434482097626,0.38743942975997925,0.3738829791545868,-0.06563570350408554,0.3383733034133911,0.39092522859573364,-0.09721941500902176,0.30688124895095825,0.408020943403244,-0.11671711504459381,0.4534491300582886,0.39044472575187683,0.00781683437526226,0.3555262088775635,0.40220555663108826,-0.020765451714396477,0.3356649875640869,0.43034952878952026,-0.06294111162424088,0.33680784702301025,0.45169857144355774,-0.08734586089849472,0.43452131748199463,0.41192179918289185,0.045795705169439316,0.3479492664337158,0.4193938970565796,0.011011774651706219,0.33851194381713867,0.44448578357696533,-0.036151740700006485,0.3482453525066376,0.4600066542625427,-0.05948556959629059,0.42425650358200073,0.42746007442474365,0.07696026563644409,0.36259692907333374,0.4339313805103302,0.040916718542575836,0.3542037606239319,0.44780296087265015,0.004393574316054583,0.3658561706542969,0.4585038423538208,-0.015350612811744213
198,6.6,0.5994069576263428,0.4578896760940552,-2.1225375235189858e-07,0.5550448894500732,0.44306257367134094,-0.09799381345510483,0.49159887433052063,0.428970605134964,-0.11865770071744919,0.4214116334915161,0.4330803453922272,-0.11844921857118607,0.3632006049156189,0.4399542510509491,-0.11210634559392929,0.47627994418144226,0.36751630902290344,-0.0369320772588253,0.3866831362247467,0.37544727325439453,-0.06099323555827141,0.3383972644805908,0.39277976751327515,-0.09275425225496292,0.30724769830703735,0.4101143777370453,-0.11248882114887238,0.45301586389541626,0.39133432507514954,0.0109662264585495,0.3559674322605133,0.4039575159549713,-0.017609436064958572,0.33961716294288635,0.43188202381134033,-0.060132354497909546,0.3431779146194458,0.45251861214637756,-0.08448640257120132,0.4349915683269501,0.4135185778141022,0.04821639880537987,0.3497198820114136,0.42156851291656494,0.014136216603219509,0.3440297544002533,0.44653353095054626,-0.032190289348363876,0.3565976619720459,0.46157118678092957,-0.054846566170454025,0.4252575635910034,0.42953822016716003,0.07874317467212677,0.3653610944747925,0.4370031952857971,0.04399675503373146,0.36002177000045776,0.4511445462703705,0.008757702074944973,0.37423595786094666,0.4610421657562256,-0.009982244111597538
199,6.633333333333334,0.6019445657730103,0.45914939045906067,-2.5517800850138883e-07,0.5547071695327759,0.44410330057144165,-0.09066411107778549,0.4913801848888397,0.4307102859020233,-0.10831629484891891,0.4213334619998932,0.4351661801338196,-0.10614360868930817,0.3658706247806549,0.4435671865940094,-0.09751581400632858,0.476313978433609,0.369156152009964,-0.031644973903894424,0.3854745626449585,0.37802013754844666,-0.05295812711119652,0.33840468525886536,0.3947244882583618,-0.08123567700386047,0.30722811818122864,0.4109884202480316,-0.098462775349617,0.454948753118515,0.3917458951473236,0.013860085047781467,0.3619932234287262,0.4063343107700348,-0.011973651126027107,0.3466520607471466,0.43438848853111267,-0.04995894432067871,0.3497394919395447,0.45517534017562866,-0.07062561064958572,0.4382314682006836,0.4133787751197815,0.049411121755838394,0.3568975627422333,0.4236642122268677,0.018246125429868698,0.35190045833587646,0.448480486869812,-0.023505866527557373,0.36224767565727234,0.4634805917739868,-0.04269528388977051,0.4293311834335327,0.4295312464237213,0.07872681319713593,0.3723859190940857,0.43833038210868835,0.046712614595890045,0.3670632839202881,0.4524996876716614,0.014955395832657814,0.3792762756347656,0.46268874406814575,-0.0006460250588133931
200,6.666666666666667,0.6047589778900146,0.4588663876056671,-2.152709441816114e-07,0.5537219047546387,0.4441956877708435,-0.0929516926407814,0.4893400967121124,0.43154850602149963,-0.10911323875188828,0.42172926664352417,0.4367774724960327,-0.10514309257268906,0.3662037253379822,0.44656944274902344,-0.09478052705526352,0.47081196308135986,0.3717379570007324,-0.025371871888637543,0.3830031454563141,0.380629301071167,-0.04418550059199333,0.3372844159603119,0.39735865592956543,-0.07223944365978241,0.30700284242630005,0.41359204053878784,-0.08972436934709549,0.45191606879234314,0.3950445353984833,0.021707633510231972,0.36052146553993225,0.4089604616165161,-0.00244170636869967,0.34248673915863037,0.43630650639533997,-0.04357011616230011,0.341800332069397,0.4572925865650177,-0.06692837923765182,0.4372554421424866,0.41688868403434753,0.05813027173280716,0.35617464780807495,0.42643043398857117,0.02794085256755352,0.3461572527885437,0.4514586329460144,-0.01936035044491291,0.35107916593551636,0.46740633249282837,-0.04285696893930435,0.42942845821380615,0.43315961956977844,0.08810529857873917,0.37399792671203613,0.4426625669002533,0.05606115981936455,0.36467060446739197,0.4568586051464081,0.01969311572611332,0.37189406156539917,0.4669233560562134,2.4492554075550288e-05
201,6.7,0.5994935035705566,0.4576316773891449,-2.450775298257213e-07,0.5557998418807983,0.44450831413269043,-0.10022676736116409,0.491268515586853,0.43205928802490234,-0.12294261902570724,0.4227040112018585,0.4385608434677124,-0.12396541237831116,0.368523508310318,0.4496971070766449,-0.11879731714725494,0.46747443079948425,0.3716873526573181,-0.048005782067775726,0.3778189718723297,0.38260871171951294,-0.07553659379482269,0.3337797522544861,0.4020037055015564,-0.10742625594139099,0.30684685707092285,0.420123815536499,-0.1268569976091385,0.4441312253475189,0.3961447477340698,0.00021681214275304228,0.34515824913978577,0.41508448123931885,-0.032995790243148804,0.3373231291770935,0.4453434944152832,-0.07338886708021164,0.3481878340244293,0.4652770459651947,-0.09516621381044388,0.4269516170024872,0.4191190302371979,0.03808014467358589,0.33841878175735474,0.43200963735580444,-0.000217203312786296,0.34061941504478455,0.4583103656768799,-0.043160006403923035,0.35995805263519287,0.4724016785621643,-0.06221674382686615,0.4179795980453491,0.4362879693508148,0.0691448450088501,0.35475361347198486,0.4482264518737793,0.031475018709897995,0.35227084159851074,0.46374762058258057,-0.0021816217340528965,0.3707687258720398,0.4732005298137665,-0.01892414130270481
202,6.733333333333333,0.599406361579895,0.4564615786075592,-3.383528621725418e-07,0.5615641474723816,0.4475800693035126,-0.10238709300756454,0.49457037448883057,0.43533262610435486,-0.12684831023216248,0.4227631390094757,0.4418211281299591,-0.12830586731433868,0.3665010333061218,0.45523953437805176,-0.12308605760335922,0.46681270003318787,0.3726594150066376,-0.06312388181686401,0.37630999088287354,0.3832824230194092,-0.09459289163351059,0.3340302109718323,0.4047805666923523,-0.12633168697357178,0.30853065848350525,0.42509910464286804,-0.14525587856769562,0.44203925132751465,0.39582425355911255,-0.014611939899623394,0.3435596227645874,0.4160808324813843,-0.0506015345454216,0.33486050367355347,0.44811299443244934,-0.08815542608499527,0.3446401357650757,0.469895601272583,-0.10819126665592194,0.42398470640182495,0.41811510920524597,0.023875504732131958,0.33650699257850647,0.43197932839393616,-0.016705680638551712,0.3390306234359741,0.4592992663383484,-0.057534124702215195,0.3557625710964203,0.4746125042438507,-0.07570688426494598,0.41559818387031555,0.4344141483306885,0.05556337907910347,0.354541152715683,0.4470858573913574,0.01481473445892334,0.35047435760498047,0.4641944169998169,-0.019457533955574036,0.3638561964035034,0.47587019205093384,-0.03674233332276344
203,6.766666666666667,0.6005837321281433,0.4569717347621918,-3.264142378611723e-07,0.5624091029167175,0.4482547640800476,-0.10245306044816971,0.49567580223083496,0.4361145496368408,-0.12790361046791077,0.4251098930835724,0.4432273805141449,-0.13111363351345062,0.3679092526435852,0.45692387223243713,-0.12789835035800934,0.46633246541023254,0.37522000074386597,-0.06407160311937332,0.3765633702278137,0.38462865352630615,-0.09843221306800842,0.33374452590942383,0.40575864911079407,-0.1325623095035553,0.30832743644714355,0.42582353949546814,-0.15333570539951324,0.44275471568107605,0.3984082043170929,-0.01710478402674198,0.3440263569355011,0.4186687171459198,-0.05690530687570572,0.33473312854766846,0.4501107633113861,-0.0971904844045639,0.34477749466896057,0.4712066054344177,-0.11916284263134003,0.425081729888916,0.4204549491405487,0.019609885290265083,0.33657169342041016,0.4348593056201935,-0.024379493668675423,0.3399008512496948,0.4614114463329315,-0.0671176016330719,0.3593106269836426,0.47582077980041504,-0.08643665909767151,0.41729864478111267,0.4362736642360687,0.04943497106432915,0.3558078706264496,0.4507260322570801,0.00535992719233036,0.352480411529541,0.4679642617702484,-0.031259361654520035,0.3675610423088074,0.4789082109928131,-0.05021078139543533
204,6.8,0.5998684167861938,0.45488113164901733,-3.078611428009026e-07,0.5652201771736145,0.44979625940322876,-0.116493821144104,0.4995002746582031,0.43833017349243164,-0.14615276455879211,0.4323827624320984,0.44355660676956177,-0.1497318148612976,0.37384316325187683,0.45580407977104187,-0.14642468094825745,0.4651171565055847,0.37353143095970154,-0.07889239490032196,0.3739013075828552,0.386810839176178,-0.11432294547557831,0.33382609486579895,0.4107080399990082,-0.1496502310037613,0.31056517362594604,0.4318358898162842,-0.17083196341991425,0.4428166449069977,0.39681753516197205,-0.023539133369922638,0.3444720506668091,0.4170660674571991,-0.06400465965270996,0.3332388699054718,0.4491908848285675,-0.10863886773586273,0.33974844217300415,0.4715266227722168,-0.134386345744133,0.42454269528388977,0.4189404845237732,0.021184442564845085,0.3383951485157013,0.4333769381046295,-0.02321512997150421,0.3402337431907654,0.4613776206970215,-0.07306557893753052,0.3566824197769165,0.47731202840805054,-0.09801322221755981,0.41381019353866577,0.43426620960235596,0.058378685265779495,0.3539178967475891,0.44795048236846924,0.014531501568853855,0.34951263666152954,0.46602776646614075,-0.026822054758667946,0.3626233637332916,0.4788012206554413,-0.05027259141206741
205,6.833333333333333,0.5989294648170471,0.45697975158691406,-3.535225232553785e-07,0.5676207542419434,0.45058783888816833,-0.1076025664806366,0.5042170882225037,0.43885448575019836,-0.1368878185749054,0.43391937017440796,0.4451577961444855,-0.14247281849384308,0.3766307532787323,0.4568808674812317,-0.14165045320987701,0.4696490168571472,0.3757892847061157,-0.07904215902090073,0.3775593042373657,0.38688695430755615,-0.11814004927873611,0.3328695297241211,0.40918368101119995,-0.15316863358020782,0.30669981241226196,0.43042948842048645,-0.17396484315395355,0.4436689019203186,0.39752644300460815,-0.030612118542194366,0.341091513633728,0.4210899770259857,-0.07455974817276001,0.3363264501094818,0.4536418616771698,-0.11193439364433289,0.35208141803741455,0.47460949420928955,-0.13100671768188477,0.4237715005874634,0.41864511370658875,0.00767509127035737,0.3331093192100525,0.4362563490867615,-0.040194541215896606,0.3418349027633667,0.46341365575790405,-0.07807675004005432,0.36625033617019653,0.47746020555496216,-0.09306888282299042,0.41373518109321594,0.43411052227020264,0.038633789867162704,0.3516698181629181,0.4497239291667938,-0.008353780955076218,0.35387247800827026,0.46711066365242004,-0.04228750616312027,0.37414976954460144,0.4779675006866455,-0.05835746228694916
206,6.866666666666666,0.5960552096366882,0.4548261761665344,-2.948644919342769e-07,0.5683959722518921,0.45017871260643005,-0.12403891235589981,0.5049393177032471,0.43953603506088257,-0.16104479134082794,0.43761536478996277,0.44542935490608215,-0.1706012636423111,0.3762408494949341,0.4567767381668091,-0.1739632934331894,0.4683687686920166,0.3756374716758728,-0.1001816987991333,0.3759322762489319,0.3878432512283325,-0.1446290910243988,0.3321477770805359,0.4122585952281952,-0.1834258884191513,0.3075410723686218,0.43464425206184387,-0.20619532465934753,0.4439579248428345,0.3971152603626251,-0.04379692301154137,0.3402775824069977,0.42041707038879395,-0.09403856098651886,0.33411359786987305,0.4546619951725006,-0.1367909014225006,0.34878432750701904,0.4768761992454529,-0.1593075394630432,0.42320516705513,0.41822198033332825,0.0017711353721097112,0.33330053091049194,0.4360739588737488,-0.05102204158902168,0.3417368233203888,0.46427658200263977,-0.09478530287742615,0.36698246002197266,0.47820594906806946,-0.1135973185300827,0.41013363003730774,0.43326687812805176,0.03913765028119087,0.34912267327308655,0.4500126838684082,-0.011154431849718094,0.3521729111671448,0.468144953250885,-0.049679603427648544,0.37412992119789124,0.47914761304855347,-0.06951244175434113
207,6.9,0.5923805236816406,0.4546705484390259,-2.8119166017859243e-07,0.5679308176040649,0.4500970244407654,-0.12587039172649384,0.5055814981460571,0.4393022060394287,-0.16631467640399933,0.4384170174598694,0.44529208540916443,-0.17958833277225494,0.3760966658592224,0.45612049102783203,-0.18659915030002594,0.46685725450515747,0.3753329813480377,-0.10575924068689346,0.37530040740966797,0.38800370693206787,-0.1546728014945984,0.33274105191230774,0.4127146601676941,-0.19522719085216522,0.30882349610328674,0.43484529852867126,-0.21892134845256805,0.4408867657184601,0.3970048129558563,-0.05069262161850929,0.33684951066970825,0.4216414988040924,-0.10663164407014847,0.3346026539802551,0.4559781849384308,-0.1494026929140091,0.3519838750362396,0.4774964451789856,-0.17065739631652832,0.4190853238105774,0.4181341230869293,-0.006627961061894894,0.33038169145584106,0.4373584985733032,-0.06460156291723251,0.34305140376091003,0.4652405381202698,-0.10582607239484787,0.3707580268383026,0.47823184728622437,-0.12154091149568558,0.4051024913787842,0.43319395184516907,0.029011953622102737,0.34568023681640625,0.4508654475212097,-0.024968968704342842,0.3514631986618042,0.46955594420433044,-0.06222739815711975,0.37446659803390503,0.48030439019203186,-0.0801452025771141
208,6.933333333333334,0.5906211137771606,0.45467397570610046,-2.345327061448188e-07,0.5680394172668457,0.4494648277759552,-0.12725511193275452,0.5078432559967041,0.43939846754074097,-0.17158111929893494,0.4427127242088318,0.4455820918083191,-0.1898021548986435,0.3784141540527344,0.45477238297462463,-0.20214688777923584,0.4665263295173645,0.375649094581604,-0.10672502964735031,0.3772469758987427,0.38907086849212646,-0.1586352288722992,0.33501172065734863,0.4130365252494812,-0.20155027508735657,0.3092198967933655,0.43455901741981506,-0.22687900066375732,0.43999141454696655,0.3973172903060913,-0.05315947160124779,0.33890366554260254,0.4204586148262024,-0.11332203447818756,0.33403506875038147,0.4544198215007782,-0.15879163146018982,0.3472909927368164,0.47703367471694946,-0.18139657378196716,0.4181886613368988,0.4186406135559082,-0.010830066166818142,0.3333390951156616,0.4370633661746979,-0.07171652466058731,0.3440157175064087,0.46517711877822876,-0.1132490262389183,0.3685981035232544,0.4795302450656891,-0.1287442445755005,0.40415751934051514,0.4342169761657715,0.022815648466348648,0.34814584255218506,0.4514513611793518,-0.032378099858760834,0.35240620374679565,0.4703904688358307,-0.06969371438026428,0.37221646308898926,0.4818709194660187,-0.08758066594600677
209,6.966666666666667,0.5898431539535522,0.45515793561935425,-2.334962800887297e-07,0.5690608024597168,0.45022550225257874,-0.1266300231218338,0.5083683729171753,0.4397507607936859,-0.17127737402915955,0.4415889084339142,0.4462661147117615,-0.18952204287052155,0.3782289922237396,0.4560717046260834,-0.20192833244800568,0.46739089488983154,0.3754045069217682,-0.11041002720594406,0.37697726488113403,0.3899751305580139,-0.16207000613212585,0.33633196353912354,0.4146883487701416,-0.20345669984817505,0.31221240758895874,0.43586331605911255,-0.22782322764396667,0.4387761652469635,0.3970997631549835,-0.05698574334383011,0.3366859257221222,0.4209306240081787,-0.1177121251821518,0.3341711759567261,0.4554382562637329,-0.16054584085941315,0.3485245704650879,0.4777427315711975,-0.1806163191795349,0.4166414141654968,0.4190509021282196,-0.01412535272538662,0.33181339502334595,0.43883973360061646,-0.07545168697834015,0.34632986783981323,0.4668159484863281,-0.11238071322441101,0.37238749861717224,0.47965094447135925,-0.12418245524168015,0.40244996547698975,0.4355330467224121,0.020182684063911438,0.3477853536605835,0.4536859095096588,-0.03514433652162552,0.35336053371429443,0.4729682207107544,-0.06900034099817276,0.3730638027191162,0.4835282862186432,-0.08380606770515442
210,7.0,0.5904154181480408,0.4544505178928375,-2.3272660598649964e-07,0.5685719847679138,0.45001891255378723,-0.13333609700202942,0.5063799619674683,0.4396786689758301,-0.17952720820903778,0.4410223662853241,0.4457177221775055,-0.1976134330034256,0.3771871328353882,0.45585399866104126,-0.2094300091266632,0.46585342288017273,0.37472546100616455,-0.11527831852436066,0.3755577802658081,0.39087754487991333,-0.16919685900211334,0.33579257130622864,0.4165688753128052,-0.2122863531112671,0.31209808588027954,0.4382239878177643,-0.23722392320632935,0.4388810992240906,0.39701682329177856,-0.058487094938755035,0.3359419107437134,0.42097869515419006,-0.121790312230587,0.3330546021461487,0.45564818382263184,-0.16750705242156982,0.34643983840942383,0.4783271253108978,-0.18930548429489136,0.41635996103286743,0.41895076632499695,-0.013076886534690857,0.3320160508155823,0.4381464719772339,-0.07714986056089401,0.34523576498031616,0.46662402153015137,-0.11894246190786362,0.36967164278030396,0.48021575808525085,-0.13366958498954773,0.4007072150707245,0.4346802234649658,0.023458033800125122,0.34525594115257263,0.4522407352924347,-0.03386230766773224,0.35132700204849243,0.4718974530696869,-0.0714334174990654,0.37127619981765747,0.4834766983985901,-0.08904492855072021
211,7.033333333333333,0.591526985168457,0.4547382593154907,-2.308880908685751e-07,0.5673866868019104,0.44937950372695923,-0.12882821261882782,0.5055577158927917,0.4394559860229492,-0.17320583760738373,0.4393576383590698,0.4460960626602173,-0.19078272581100464,0.37590909004211426,0.4573313295841217,-0.20234020054340363,0.46638023853302,0.374716192483902,-0.10655848681926727,0.37687307596206665,0.3904150426387787,-0.1573418229818344,0.33665913343429565,0.41560906171798706,-0.19930227100849152,0.3119093179702759,0.4372541308403015,-0.22411109507083893,0.44018223881721497,0.3968736231327057,-0.051391247659921646,0.3385416269302368,0.42092007398605347,-0.11193501949310303,0.33309274911880493,0.45537081360816956,-0.15804623067378998,0.34439557790756226,0.47884681820869446,-0.18087175488471985,0.41878625750541687,0.4189635217189789,-0.007415283005684614,0.3348861634731293,0.43831774592399597,-0.06939699500799179,0.34622740745544434,0.4665467143058777,-0.11238982528448105,0.36975720524787903,0.48098546266555786,-0.12848788499832153,0.4040006399154663,0.43501850962638855,0.028009377419948578,0.3491228222846985,0.45302003622055054,-0.02862340584397316,0.35422995686531067,0.47253894805908203,-0.0673094242811203,0.3738590180873871,0.48434704542160034,-0.0860012024641037
212,7.066666666666666,0.5921324491500854,0.45555734634399414,-2.485177219568868e-07,0.5660690069198608,0.45002079010009766,-0.1252528727054596,0.5037265419960022,0.43955129384994507,-0.16673365235328674,0.43739214539527893,0.44641658663749695,-0.18188123404979706,0.37642529606819153,0.45873600244522095,-0.19132854044437408,0.4673587381839752,0.3757804036140442,-0.10230685770511627,0.3765440583229065,0.3899863064289093,-0.15007184445858002,0.3355633020401001,0.4160618185997009,-0.19056423008441925,0.31215357780456543,0.4389537274837494,-0.2145756334066391,0.4413972496986389,0.39796125888824463,-0.04747523367404938,0.34081122279167175,0.4207588732242584,-0.10437969118356705,0.33276957273483276,0.45496952533721924,-0.15019452571868896,0.34287190437316895,0.4789641201496124,-0.17350825667381287,0.4205283224582672,0.4198145270347595,-0.003342542564496398,0.3371025621891022,0.4384928047657013,-0.06161029264330864,0.3455196022987366,0.46623146533966064,-0.1057542935013771,0.36756348609924316,0.48116496205329895,-0.12357690930366516,0.40667927265167236,0.4355255961418152,0.03259005770087242,0.3518902063369751,0.4533054828643799,-0.021588927134871483,0.35512644052505493,0.47281765937805176,-0.060538530349731445,0.37317803502082825,0.48515862226486206,-0.07997283339500427
213,7.1,0.5949612259864807,0.45565786957740784,-2.799045262236177e-07,0.5674437880516052,0.4500763714313507,-0.11804675310850143,0.5045889616012573,0.439374715089798,-0.15653619170188904,0.4369904696941376,0.4463817775249481,-0.170241117477417,0.37628522515296936,0.459096759557724,-0.17850318551063538,0.467755526304245,0.3772358000278473,-0.09504871070384979,0.37797147035598755,0.38983991742134094,-0.14065425097942352,0.33608633279800415,0.4150294065475464,-0.18014955520629883,0.3120807409286499,0.4382568895816803,-0.20376259088516235,0.44121283292770386,0.3988349735736847,-0.043307263404130936,0.3412310481071472,0.4210985600948334,-0.0965326651930809,0.33286651968955994,0.4551713466644287,-0.14030319452285767,0.34332945942878723,0.4793024957180023,-0.1630413979291916,0.4203553795814514,0.4201091527938843,-0.0017718786839395761,0.33555543422698975,0.43828243017196655,-0.056078508496284485,0.3422985374927521,0.4665737748146057,-0.09789318591356277,0.3641316294670105,0.4826493561267853,-0.11516457796096802,0.40765926241874695,0.43589937686920166,0.0319407656788826,0.3513532280921936,0.4532968997955322,-0.018946433439850807,0.35305142402648926,0.4729054272174835,-0.05575272813439369,0.37045472860336304,0.4857613146305084,-0.07423973083496094
214,7.133333333333334,0.5947310328483582,0.4547710716724396,-2.92030080117911e-07,0.5677518248558044,0.44976726174354553,-0.11909668147563934,0.5039272308349609,0.4396940767765045,-0.15561294555664062,0.43674325942993164,0.44701871275901794,-0.16611109673976898,0.37664905190467834,0.4595552086830139,-0.17044943571090698,0.46588611602783203,0.3767595887184143,-0.09676516801118851,0.374772846698761,0.3916866183280945,-0.14181451499462128,0.33469951152801514,0.41718465089797974,-0.18018312752246857,0.3126317262649536,0.439434289932251,-0.202337384223938,0.4400825798511505,0.39864081144332886,-0.04308464005589485,0.3391570448875427,0.4211309552192688,-0.09546343237161636,0.3333089351654053,0.45561960339546204,-0.13814836740493774,0.34694766998291016,0.47915342450141907,-0.1593913584947586,0.41880521178245544,0.42013075947761536,0.0004936160403303802,0.3344835340976715,0.4384574294090271,-0.05421029031276703,0.3462758958339691,0.4668002426624298,-0.09650781750679016,0.3722218871116638,0.4811136722564697,-0.11294393986463547,0.40429043769836426,0.4357551336288452,0.03643361106514931,0.3474467992782593,0.45249268412590027,-0.014349794946610928,0.3518524169921875,0.4719201326370239,-0.05110941082239151,0.37243616580963135,0.4838743209838867,-0.06884484738111496
215,7.166666666666667,0.5924632549285889,0.45531898736953735,-3.009261320130463e-07,0.5655500292778015,0.4496806859970093,-0.12050412595272064,0.5024468898773193,0.4400552213191986,-0.15831516683101654,0.43547260761260986,0.44786787033081055,-0.16997739672660828,0.3753539025783539,0.4610472321510315,-0.17530933022499084,0.46460074186325073,0.3770390748977661,-0.09902799874544144,0.3759450912475586,0.39177489280700684,-0.1468764990568161,0.33547070622444153,0.4162968695163727,-0.1870172768831253,0.311057448387146,0.43801456689834595,-0.21030986309051514,0.43939170241355896,0.3990473747253418,-0.04587190970778465,0.33894097805023193,0.42278075218200684,-0.10106470435857773,0.33455997705459595,0.4572022557258606,-0.1441105604171753,0.34868907928466797,0.4802837669849396,-0.1652420610189438,0.41778481006622314,0.42033523321151733,-0.003251035464927554,0.33413413166999817,0.43974408507347107,-0.060315899550914764,0.34814509749412537,0.4674067795276642,-0.10169429332017899,0.3747538626194,0.4805324971675873,-0.11702956259250641,0.40292292833328247,0.43588316440582275,0.03144732490181923,0.3467515707015991,0.4538317620754242,-0.020592084154486656,0.3528720736503601,0.47287940979003906,-0.05685178190469742,0.37426185607910156,0.4840470552444458,-0.07394594699144363
216,7.2,0.5904796123504639,0.45523327589035034,-2.68252478008435e-07,0.5660940408706665,0.4499914348125458,-0.12026568502187729,0.5053403377532959,0.440308541059494,-0.1603015959262848,0.43917879462242126,0.44761478900909424,-0.17511987686157227,0.3775123953819275,0.4594714045524597,-0.18415427207946777,0.4634406864643097,0.3785425126552582,-0.09932942688465118,0.37558722496032715,0.3924978971481323,-0.14799396693706512,0.33492788672447205,0.41676095128059387,-0.18892453610897064,0.3100167512893677,0.43841031193733215,-0.21306316554546356,0.4372078776359558,0.4004366993904114,-0.04777972027659416,0.33852311968803406,0.4236798882484436,-0.10452760010957718,0.33415183424949646,0.4573875367641449,-0.14837397634983063,0.34706175327301025,0.48023441433906555,-0.17006419599056244,0.41591688990592957,0.42196112871170044,-0.006673354189842939,0.33321571350097656,0.4413782060146332,-0.06487113982439041,0.3471675217151642,0.46855202317237854,-0.1049690991640091,0.37358802556991577,0.481732040643692,-0.11943996697664261,0.4022183418273926,0.4378550052642822,0.02643750049173832,0.3458736538887024,0.4558173716068268,-0.026305722072720528,0.3520781099796295,0.4745991826057434,-0.06142762303352356,0.3734254240989685,0.4853772819042206,-0.07770174741744995
217,7.233333333333333,0.5887044668197632,0.45479416847229004,-2.7135982350046106e-07,0.565323531627655,0.4499897360801697,-0.12717515230178833,0.5033161640167236,0.44068285822868347,-0.16920596361160278,0.437447726726532,0.4479386806488037,-0.18391650915145874,0.3748934268951416,0.4594084322452545,-0.19231650233268738,0.4643133878707886,0.3771481513977051,-0.10846506804227829,0.37362396717071533,0.392941415309906,-0.1588137000799179,0.332913875579834,0.41912999749183655,-0.19950783252716064,0.30859243869781494,0.4415639638900757,-0.2229142189025879,0.43971386551856995,0.3990553617477417,-0.05301462113857269,0.3390037417411804,0.42365559935569763,-0.11211586743593216,0.33553892374038696,0.45828545093536377,-0.1559496819972992,0.3491840958595276,0.4812161326408386,-0.17692148685455322,0.418141633272171,0.42075058817863464,-0.00833040103316307,0.334847092628479,0.44160717725753784,-0.06905246526002884,0.35049110651016235,0.46902936697006226,-0.10963615030050278,0.3773525357246399,0.4814756512641907,-0.12368252128362656,0.4022755026817322,0.4365062415599823,0.028064008802175522,0.345397412776947,0.45541465282440186,-0.026686666533350945,0.35363247990608215,0.4743235409259796,-0.0624781996011734,0.37675032019615173,0.4845624566078186,-0.07871577888727188
218,7.266666666666667,0.5889015197753906,0.45472049713134766,-2.3834552109747165e-07,0.5664393305778503,0.45014241337776184,-0.1297386735677719,0.5047354698181152,0.4405114948749542,-0.1748867630958557,0.4394923746585846,0.4473746418952942,-0.19299092888832092,0.37662482261657715,0.4583708345890045,-0.20511291921138763,0.4654501974582672,0.37662529945373535,-0.1097593754529953,0.37581831216812134,0.3936438262462616,-0.16126231849193573,0.3371623456478119,0.42097482085227966,-0.2031676173210144,0.3139721751213074,0.44410058856010437,-0.2275293916463852,0.4394267797470093,0.39868253469467163,-0.05393726006150246,0.3405344784259796,0.4217899441719055,-0.11477380245923996,0.33248451352119446,0.4565165638923645,-0.1612742394208908,0.34031569957733154,0.4809582233428955,-0.1846051961183548,0.41764962673187256,0.4207179844379425,-0.009176545776426792,0.3360275626182556,0.43980491161346436,-0.07053110003471375,0.3439021706581116,0.46851080656051636,-0.11434303969144821,0.36341285705566406,0.48407450318336487,-0.13159707188606262,0.4020092785358429,0.4366861879825592,0.02710791490972042,0.3476966619491577,0.4543715715408325,-0.028132755309343338,0.3505569398403168,0.47446972131729126,-0.06664209812879562,0.36701130867004395,0.4874667227268219,-0.08579546958208084
219,7.3,0.589898407459259,0.455981969833374,-2.564648298175598e-07,0.5664162635803223,0.45119792222976685,-0.12813960015773773,0.5049546957015991,0.4413314759731293,-0.1710730493068695,0.43999600410461426,0.4475162923336029,-0.18667398393154144,0.37716734409332275,0.45780080556869507,-0.19630226492881775,0.4653618037700653,0.37631797790527344,-0.10711486637592316,0.37459543347358704,0.39614588022232056,-0.1557762622833252,0.336703360080719,0.4251895248889923,-0.19631287455558777,0.31401675939559937,0.44925448298454285,-0.22015829384326935,0.440306693315506,0.3980979919433594,-0.05085204914212227,0.34410661458969116,0.4208185374736786,-0.1070346012711525,0.3297744393348694,0.4547795355319977,-0.15339915454387665,0.33180734515190125,0.4806196689605713,-0.1785004884004593,0.41918399930000305,0.42007365822792053,-0.0054603745229542255,0.3396223485469818,0.439277708530426,-0.06297808140516281,0.3420751690864563,0.46824318170547485,-0.10898077487945557,0.35602256655693054,0.4857541620731354,-0.12967871129512787,0.40416908264160156,0.4359103739261627,0.03156709298491478,0.3536694049835205,0.4536893367767334,-0.023024924099445343,0.3556455969810486,0.47404661774635315,-0.06384045630693436,0.36907586455345154,0.4882727861404419,-0.08552297204732895
220,7.333333333333333,0.5902606248855591,0.4576842188835144,-2.1379602799243003e-07,0.5679164528846741,0.45162272453308105,-0.12887299060821533,0.5048591494560242,0.441310316324234,-0.1724947839975357,0.44076624512672424,0.4481346905231476,-0.18854185938835144,0.3765687346458435,0.4570777714252472,-0.19929279386997223,0.46481332182884216,0.377569317817688,-0.10919203609228134,0.37421080470085144,0.3982926905155182,-0.16058741509914398,0.3357544541358948,0.42875704169273376,-0.20550036430358887,0.31333911418914795,0.4540202021598816,-0.23265773057937622,0.44108790159225464,0.3997064232826233,-0.053248751908540726,0.34567469358444214,0.4176469147205353,-0.1121305376291275,0.32446354627609253,0.4513317048549652,-0.16458530724048615,0.3208124041557312,0.4790080785751343,-0.19438523054122925,0.4219135344028473,0.4224632680416107,-0.007743861526250839,0.3434019982814789,0.4387524127960205,-0.06720684468746185,0.33995625376701355,0.4668380320072174,-0.11807505041360855,0.3489566445350647,0.48440098762512207,-0.14260609447956085,0.4082198441028595,0.43880900740623474,0.02967161498963833,0.35917675495147705,0.45563530921936035,-0.027004392817616463,0.36181923747062683,0.47487229108810425,-0.07008334994316101,0.375000923871994,0.48695307970046997,-0.09380576014518738
221,7.366666666666666,0.5953142642974854,0.45925402641296387,-1.9018456498542946e-07,0.5646129846572876,0.4506160318851471,-0.11371567100286484,0.5032241344451904,0.44068852066993713,-0.1491144597530365,0.43799689412117004,0.4489007592201233,-0.16075599193572998,0.37530601024627686,0.45934540033340454,-0.16712486743927002,0.4659380316734314,0.3793853521347046,-0.08178389072418213,0.3783903121948242,0.3980599045753479,-0.12150850892066956,0.33666783571243286,0.4234181344509125,-0.1606454849243164,0.3064219355583191,0.4449627995491028,-0.1858421415090561,0.44646820425987244,0.40101495385169983,-0.031655203551054,0.3618258833885193,0.4174518883228302,-0.07847423106431961,0.32979872822761536,0.4458940327167511,-0.12705647945404053,0.3121037185192108,0.4722146689891815,-0.15656183660030365,0.43221786618232727,0.4234217405319214,0.008342565037310123,0.36485522985458374,0.4399302303791046,-0.04074021801352501,0.3511524200439453,0.4640657901763916,-0.08998878300189972,0.3450985848903656,0.4811512529850006,-0.11564956605434418,0.4238635003566742,0.4403165280818939,0.04072035104036331,0.3831791281700134,0.45554542541503906,-0.00864163413643837,0.3785583972930908,0.47191059589385986,-0.05061473697423935,0.3793796896934509,0.4832924008369446,-0.07494476437568665
222,7.4,0.5993068218231201,0.45897093415260315,-2.4595985337327875e-07,0.5671090483665466,0.4527836740016937,-0.10881243646144867,0.5025150179862976,0.443462997674942,-0.1407696157693863,0.4399817883968353,0.4508129954338074,-0.14945371448993683,0.3808877468109131,0.4590407907962799,-0.15211325883865356,0.46881479024887085,0.37998124957084656,-0.0788097009062767,0.3844946622848511,0.3973698019981384,-0.11914952844381332,0.3410213589668274,0.41978421807289124,-0.15822821855545044,0.3069108724594116,0.4402385652065277,-0.18277572095394135,0.45003214478492737,0.4017826318740845,-0.031072432175278664,0.367784321308136,0.4186331331729889,-0.07642944902181625,0.3373626172542572,0.44575080275535583,-0.12317200750112534,0.31688451766967773,0.4697433412075043,-0.15152235329151154,0.43441328406333923,0.42341679334640503,0.006580368150025606,0.3685106039047241,0.44047412276268005,-0.040406130254268646,0.3597145974636078,0.4642656147480011,-0.08776452392339706,0.35445189476013184,0.47998619079589844,-0.1123734712600708,0.4246542453765869,0.4402390122413635,0.036808475852012634,0.38501501083374023,0.45537760853767395,-0.008588047698140144,0.3773723244667053,0.47276973724365234,-0.04843887314200401,0.3729524612426758,0.48501381278038025,-0.07186667621135712
223,7.433333333333334,0.5963426828384399,0.4598120450973511,-2.3240477275976446e-07,0.5671588182449341,0.45217183232307434,-0.11533878743648529,0.5020180344581604,0.4420894980430603,-0.15232425928115845,0.43867066502571106,0.44856885075569153,-0.1657337248325348,0.3770957589149475,0.45651865005493164,-0.17369727790355682,0.4683193266391754,0.3785131573677063,-0.08636181056499481,0.38483381271362305,0.39718249440193176,-0.13267847895622253,0.34285813570022583,0.4200882613658905,-0.17565138638019562,0.3074304461479187,0.4413507580757141,-0.2024538516998291,0.4488949477672577,0.40050044655799866,-0.03782181069254875,0.36725401878356934,0.4223910868167877,-0.08925411850214005,0.3355027437210083,0.4523259699344635,-0.13856950402259827,0.3130563497543335,0.4779721200466156,-0.16803091764450073,0.4330253005027771,0.42265576124191284,-0.0002852645702660084,0.36744505167007446,0.44206950068473816,-0.05421774834394455,0.3558266758918762,0.4679447412490845,-0.10309237241744995,0.3469938635826111,0.4849536716938019,-0.12746240198612213,0.42321860790252686,0.43961599469184875,0.029409179463982582,0.3838355839252472,0.4558786451816559,-0.021597566083073616,0.37752506136894226,0.47395431995391846,-0.06264948844909668,0.3725546598434448,0.486262708902359,-0.08594799041748047
224,7.466666666666667,0.594519853591919,0.45811140537261963,-2.0646866971674172e-07,0.5661395788192749,0.4521534740924835,-0.11772751063108444,0.5013105273246765,0.44268909096717834,-0.1568436473608017,0.4382878839969635,0.4485696256160736,-0.17177119851112366,0.37567591667175293,0.45586830377578735,-0.18150466680526733,0.46838921308517456,0.37848788499832153,-0.09272889047861099,0.38487404584884644,0.39658477902412415,-0.13976897299289703,0.34153902530670166,0.4190499186515808,-0.1827351450920105,0.3053516447544098,0.4402252733707428,-0.2094261795282364,0.4489428400993347,0.3996277451515198,-0.042784225195646286,0.3659742474555969,0.42102304100990295,-0.09556139260530472,0.3329269587993622,0.45127663016319275,-0.14451728761196136,0.3102007806301117,0.47762733697891235,-0.17341651022434235,0.43243148922920227,0.4212128520011902,-0.003544292878359556,0.36674728989601135,0.441206693649292,-0.05767796188592911,0.35672587156295776,0.4679657816886902,-0.10480494797229767,0.3499847650527954,0.48522600531578064,-0.1278562843799591,0.42148128151893616,0.4383186995983124,0.027702447026968002,0.3819330334663391,0.4552147090435028,-0.0224054753780365,0.3751668930053711,0.4738771617412567,-0.06199713051319122,0.36962223052978516,0.48612645268440247,-0.08432227373123169
225,7.5,0.5917326211929321,0.45769280195236206,-1.9908972603843722e-07,0.5641577839851379,0.4512927532196045,-0.12015976011753082,0.5000978708267212,0.4417385458946228,-0.1606682538986206,0.43703216314315796,0.4484826624393463,-0.1768701821565628,0.37443986535072327,0.4568655788898468,-0.18773110210895538,0.4670262336730957,0.3780434727668762,-0.09306864440441132,0.3850199580192566,0.3961956799030304,-0.1434095948934555,0.3417997360229492,0.41910189390182495,-0.1882709562778473,0.3061044216156006,0.44095757603645325,-0.2155136913061142,0.4475771486759186,0.39902928471565247,-0.04314352571964264,0.36437320709228516,0.42080792784690857,-0.10041233152151108,0.3333754539489746,0.45160701870918274,-0.15102064609527588,0.3124083876609802,0.47837093472480774,-0.17956170439720154,0.4308704137802124,0.42044180631637573,-0.004607003182172775,0.3658725321292877,0.44099292159080505,-0.06323404610157013,0.3587454557418823,0.46784132719039917,-0.11161858588457108,0.35407665371894836,0.4848107099533081,-0.13387033343315125,0.41945934295654297,0.4373718202114105,0.025794515386223793,0.38014769554138184,0.45445746183395386,-0.026905018836259842,0.3744233250617981,0.473420649766922,-0.06738042831420898,0.36946427822113037,0.4857761859893799,-0.08954629302024841
226,7.533333333333333,0.5901702046394348,0.45869705080986023,-2.0378880094540364e-07,0.5619157552719116,0.4511493444442749,-0.12015010416507721,0.4977121353149414,0.4413737952709198,-0.15990974009037018,0.43425869941711426,0.4490434229373932,-0.17558082938194275,0.37195661664009094,0.4582511782646179,-0.1851940006017685,0.46485596895217896,0.37787050008773804,-0.08761795610189438,0.3828850984573364,0.3972876965999603,-0.14088548719882965,0.3409484028816223,0.42151743173599243,-0.18702533841133118,0.3062812387943268,0.44363856315612793,-0.21404942870140076,0.44619035720825195,0.399786114692688,-0.03834814578294754,0.36242854595184326,0.4204491078853607,-0.09942580759525299,0.3332209289073944,0.45074114203453064,-0.15096402168273926,0.3117327094078064,0.4765397012233734,-0.17826734483242035,0.42993539571762085,0.4215676188468933,-0.0013608982553705573,0.36569803953170776,0.4416532814502716,-0.06455017626285553,0.3608228266239166,0.467995285987854,-0.1141405776143074,0.35606178641319275,0.4838120937347412,-0.1350519061088562,0.4183502197265625,0.43813639879226685,0.027627892792224884,0.3794975280761719,0.4555547535419464,-0.028286779299378395,0.37618571519851685,0.47445833683013916,-0.06989476084709167,0.3725249171257019,0.4859745502471924,-0.09147455543279648
227,7.566666666666666,0.5917048454284668,0.4597460627555847,-2.2287035505996755e-07,0.5610291957855225,0.4514468312263489,-0.11719212681055069,0.49631279706954956,0.44156041741371155,-0.15440230071544647,0.43345141410827637,0.4488956034183502,-0.16776511073112488,0.3729833662509918,0.45842045545578003,-0.17513102293014526,0.46638214588165283,0.3791658580303192,-0.08373795449733734,0.3829953074455261,0.3975234627723694,-0.13336893916130066,0.3407951295375824,0.4207412898540497,-0.1778957098722458,0.30619990825653076,0.4423055052757263,-0.20433160662651062,0.4475776255130768,0.4013367295265198,-0.03433084115386009,0.3640817701816559,0.42158958315849304,-0.09071765094995499,0.3340469300746918,0.45160913467407227,-0.14157764613628387,0.3124072253704071,0.47714099287986755,-0.16967174410820007,0.4314325451850891,0.42298924922943115,0.003281976794824004,0.3656451106071472,0.44181835651397705,-0.0552273690700531,0.3590705990791321,0.4678102731704712,-0.10511843115091324,0.3546639382839203,0.4840071499347687,-0.12758779525756836,0.420440673828125,0.4392620027065277,0.03306293115019798,0.3806230127811432,0.45592567324638367,-0.019897697493433952,0.3769868314266205,0.4741117060184479,-0.061464160680770874,0.374660462141037,0.48559311032295227,-0.08372794091701508
228,7.6,0.5933228731155396,0.45832952857017517,-2.1714497222546925e-07,0.5633417963981628,0.45188525319099426,-0.11770753562450409,0.498383104801178,0.44234171509742737,-0.15609046816825867,0.43475067615509033,0.44908106327056885,-0.17050877213478088,0.3729226589202881,0.4580133557319641,-0.17919613420963287,0.466329962015152,0.37857699394226074,-0.08725730329751968,0.3837358355522156,0.3977881968021393,-0.13665692508220673,0.3417466878890991,0.42154452204704285,-0.18038438260555267,0.3065224885940552,0.4432826638221741,-0.20650127530097961,0.44676047563552856,0.3995666801929474,-0.03753501921892166,0.36377790570259094,0.42002007365226746,-0.09349169582128525,0.33320388197898865,0.45001155138015747,-0.14289434254169464,0.31046661734580994,0.4756917357444763,-0.17023392021656036,0.4302080571651459,0.4208385944366455,0.000723819830454886,0.36593160033226013,0.4405609667301178,-0.05722302198410034,0.3606133759021759,0.46701136231422424,-0.10475898534059525,0.3561241030693054,0.4834420084953308,-0.12592174112796783,0.41894763708114624,0.4374234676361084,0.031078185886144638,0.38071924448013306,0.4546009600162506,-0.021311981603503227,0.3772379159927368,0.4733090400695801,-0.06136069446802139,0.3735615313053131,0.4852292239665985,-0.08268566429615021
229,7.633333333333334,0.591707706451416,0.45881137251853943,-1.9760069847052364e-07,0.5638933181762695,0.4517759382724762,-0.1188260093331337,0.49889057874679565,0.4422842562198639,-0.15869033336639404,0.43532031774520874,0.44951555132865906,-0.17481572926044464,0.37325069308280945,0.45762598514556885,-0.18514913320541382,0.46558162569999695,0.3792261779308319,-0.08910057693719864,0.38407638669013977,0.3978433310985565,-0.14119093120098114,0.3421321213245392,0.42057228088378906,-0.18650758266448975,0.306104838848114,0.44214656949043274,-0.21347783505916595,0.4455784559249878,0.40025636553764343,-0.040382519364356995,0.36287373304367065,0.42081257700920105,-0.09883323311805725,0.3331725597381592,0.45092591643333435,-0.14821051061153412,0.3112400770187378,0.47696179151535034,-0.1750762164592743,0.42885881662368774,0.42152300477027893,-0.0035382965579628944,0.3639132082462311,0.44100484251976013,-0.06352568417787552,0.35840898752212524,0.4677106440067291,-0.10957394540309906,0.35343804955482483,0.48437827825546265,-0.12932756543159485,0.41758546233177185,0.4383678734302521,0.025134241208434105,0.3786126375198364,0.455182284116745,-0.028194379061460495,0.37452203035354614,0.4738679528236389,-0.06713709235191345,0.3698839545249939,0.48556509613990784,-0.08745569735765457
230,7.666666666666667,0.5921130776405334,0.45881691575050354,-1.937730331746934e-07,0.5634875297546387,0.45225709676742554,-0.1178838238120079,0.49795159697532654,0.442778080701828,-0.15627902746200562,0.4348195195198059,0.44987812638282776,-0.17060741782188416,0.37385690212249756,0.458487868309021,-0.17922773957252502,0.4664091169834137,0.37964367866516113,-0.08893083781003952,0.38471466302871704,0.3981371223926544,-0.13730186223983765,0.3422548472881317,0.4206959009170532,-0.18009330332279205,0.30660560727119446,0.4418012797832489,-0.20603175461292267,0.44662418961524963,0.4006386399269104,-0.03978357091546059,0.3633854389190674,0.41977715492248535,-0.09397529065608978,0.3319823741912842,0.44903483986854553,-0.14208653569221497,0.3095439374446869,0.4751507639884949,-0.1693199723958969,0.4301048517227173,0.4219195544719696,-0.0021089771762490273,0.3646165728569031,0.4400704801082611,-0.05829185992479324,0.3563891351222992,0.4667450189590454,-0.10499110072851181,0.3494369089603424,0.48411867022514343,-0.12666766345500946,0.41941550374031067,0.4386216402053833,0.02748890034854412,0.3793247938156128,0.45457571744918823,-0.023848170414566994,0.37242844700813293,0.4732763171195984,-0.06361304223537445,0.3654843270778656,0.48589253425598145,-0.08556593209505081
231,7.7,0.5907024145126343,0.4589163064956665,-1.991650577792825e-07,0.5626701712608337,0.4518316090106964,-0.11898034065961838,0.4974513649940491,0.44222065806388855,-0.15837836265563965,0.43387922644615173,0.44981300830841064,-0.17353524267673492,0.3724519610404968,0.4587283432483673,-0.18280620872974396,0.4666410982608795,0.37970513105392456,-0.09186642616987228,0.38408541679382324,0.39822259545326233,-0.14384813606739044,0.3421644866466522,0.42123857140541077,-0.18877068161964417,0.30630162358283997,0.4430556297302246,-0.21563242375850677,0.4468018412590027,0.40027034282684326,-0.04268518090248108,0.3637087643146515,0.420612096786499,-0.10057264566421509,0.3330543339252472,0.4504118263721466,-0.14940723776817322,0.31053099036216736,0.47658804059028625,-0.176473468542099,0.429739385843277,0.42119085788726807,-0.005179779604077339,0.3656109571456909,0.440596342086792,-0.06477838009595871,0.3599098324775696,0.46683403849601746,-0.11069028824567795,0.35433340072631836,0.4835468530654907,-0.13091246783733368,0.41773146390914917,0.4376790523529053,0.024163443595170975,0.38008803129196167,0.4545632302761078,-0.029485315084457397,0.37702009081840515,0.47329461574554443,-0.06866314262151718,0.37271231412887573,0.4854518175125122,-0.08946408331394196
232,7.733333333333333,0.5896613001823425,0.4599914252758026,-2.030185015655661e-07,0.5605879426002502,0.45226263999938965,-0.1188894733786583,0.4952493906021118,0.44256141781806946,-0.15689557790756226,0.43206435441970825,0.4506640136241913,-0.17044098675251007,0.37119215726852417,0.4599754810333252,-0.1776876300573349,0.4648135304450989,0.3796592950820923,-0.08845781534910202,0.38374951481819153,0.39811891317367554,-0.14010152220726013,0.34200990200042725,0.4206816852092743,-0.18462052941322327,0.3057273030281067,0.44190719723701477,-0.21076077222824097,0.445282518863678,0.40080565214157104,-0.03891496732831001,0.3621058464050293,0.4208161532878876,-0.0969638079404831,0.3323366045951843,0.4502915143966675,-0.1456194818019867,0.3096815347671509,0.47567588090896606,-0.17166545987129211,0.4282168447971344,0.4220183193683624,-0.001373300445266068,0.36395955085754395,0.4412565529346466,-0.06153464689850807,0.3595198392868042,0.46755456924438477,-0.1079728826880455,0.3538734018802643,0.48333191871643066,-0.12754952907562256,0.4158218801021576,0.4386211633682251,0.028084641322493553,0.377227783203125,0.4551573097705841,-0.025399021804332733,0.37334510684013367,0.4738129675388336,-0.06472083926200867,0.36826634407043457,0.4854477643966675,-0.08509406447410583
233,7.766666666666667,0.5891327857971191,0.46030232310295105,-1.8276344349033025e-07,0.5595945715904236,0.45214739441871643,-0.1154213473200798,0.4946025013923645,0.4424504041671753,-0.1532687097787857,0.43083715438842773,0.4503770172595978,-0.1680576205253601,0.37033846974372864,0.4601344168186188,-0.1770300269126892,0.46441450715065,0.3802588880062103,-0.08411872386932373,0.38353678584098816,0.39864468574523926,-0.1332881599664688,0.3417477607727051,0.42075052857398987,-0.17643426358699799,0.30569660663604736,0.44120824337005615,-0.20248685777187347,0.4445907175540924,0.40171366930007935,-0.03689980506896973,0.36302289366722107,0.4208698868751526,-0.09309694916009903,0.33238518238067627,0.4492488205432892,-0.14171981811523438,0.30914855003356934,0.4738306999206543,-0.16851066052913666,0.42840924859046936,0.4233325719833374,-0.0013722068397328258,0.36404144763946533,0.44173967838287354,-0.059682197868824005,0.3551601767539978,0.46759727597236633,-0.10644862055778503,0.34692808985710144,0.4840449094772339,-0.1271904706954956,0.41759631037712097,0.440530389547348,0.026245810091495514,0.3785029649734497,0.4562969207763672,-0.02624533884227276,0.37143442034721375,0.47444841265678406,-0.06600756198167801,0.3641654849052429,0.4862419068813324,-0.0873989388346672
234,7.8,0.5892988443374634,0.460827499628067,-1.8492356446131453e-07,0.5607045292854309,0.45203152298927307,-0.11350978165864944,0.49587422609329224,0.44261229038238525,-0.15113948285579681,0.4319041669368744,0.4506068825721741,-0.16598112881183624,0.3715338110923767,0.46026724576950073,-0.1751442700624466,0.46524783968925476,0.38111522793769836,-0.08494285494089127,0.3839207589626312,0.3990783095359802,-0.13397912681102753,0.3416042923927307,0.4209598898887634,-0.1771664321422577,0.3050668239593506,0.441439688205719,-0.2034725695848465,0.4450357258319855,0.4024774432182312,-0.038610056042671204,0.3629681169986725,0.4218742251396179,-0.0929950624704361,0.331310898065567,0.45013368129730225,-0.13993984460830688,0.3078063726425171,0.47475844621658325,-0.16635289788246155,0.4287474453449249,0.4240301549434662,-0.003692598082125187,0.3639217019081116,0.44235530495643616,-0.060234617441892624,0.3551773428916931,0.4681548476219177,-0.10459709912538528,0.3473977744579315,0.48480719327926636,-0.12436525523662567,0.4184531569480896,0.4414255619049072,0.023318449035286903,0.3797651529312134,0.45714300870895386,-0.028020625934004784,0.3730587363243103,0.47525274753570557,-0.06601493060588837,0.3660042881965637,0.48715269565582275,-0.08636993914842606
235,7.833333333333333,0.5901141166687012,0.46038779616355896,-1.702837977290983e-07,0.5618757009506226,0.45234182476997375,-0.1156935915350914,0.4971371293067932,0.44288453459739685,-0.15421363711357117,0.43396493792533875,0.45025312900543213,-0.16958355903625488,0.3736250400543213,0.4591211676597595,-0.17951607704162598,0.4655836522579193,0.381470263004303,-0.0871327668428421,0.3843061923980713,0.39921608567237854,-0.13601748645305634,0.3417205810546875,0.420772910118103,-0.17956504225730896,0.30534857511520386,0.44134894013404846,-0.20616501569747925,0.4455060064792633,0.40286028385162354,-0.0397295244038105,0.3632625341415405,0.42144736647605896,-0.0939202755689621,0.3308121860027313,0.4496273994445801,-0.1418239325284958,0.3071346879005432,0.4749695062637329,-0.16914553940296173,0.42899343371391296,0.42435771226882935,-0.0037544730585068464,0.36393028497695923,0.4421345293521881,-0.05938144028186798,0.354149729013443,0.4677649438381195,-0.1045750081539154,0.34627771377563477,0.4848734140396118,-0.12540529668331146,0.41820472478866577,0.4415936768054962,0.02409270592033863,0.3782053291797638,0.45673611760139465,-0.02601337805390358,0.3700094223022461,0.4746933877468109,-0.06418745219707489,0.3621451258659363,0.48694080114364624,-0.08522997796535492
236,7.866666666666666,0.5902541875839233,0.4601719081401825,-1.8274197088885558e-07,0.5612652897834778,0.4523264765739441,-0.11696666479110718,0.49657365679740906,0.4429948329925537,-0.15493638813495636,0.4332717955112457,0.45057159662246704,-0.16914284229278564,0.3729288876056671,0.45996469259262085,-0.17773035168647766,0.46471720933914185,0.3810282051563263,-0.0866989940404892,0.3833785355091095,0.3995402455329895,-0.13562066853046417,0.34141480922698975,0.4222343862056732,-0.17965078353881836,0.30605342984199524,0.44356846809387207,-0.20647816359996796,0.44595158100128174,0.40269550681114197,-0.038188621401786804,0.36214005947113037,0.4221954941749573,-0.09210769087076187,0.33046984672546387,0.4513029456138611,-0.14095060527324677,0.30874454975128174,0.47700023651123047,-0.16891375184059143,0.4300280511379242,0.42417463660240173,-0.0013344517210498452,0.36420363187789917,0.4425612986087799,-0.057316116988658905,0.3540768623352051,0.4685237407684326,-0.10467500239610672,0.3465798795223236,0.4857252240180969,-0.12685281038284302,0.41927918791770935,0.44109681248664856,0.027381835505366325,0.38012510538101196,0.4568961560726166,-0.02385041117668152,0.3741139769554138,0.47491952776908875,-0.06383378803730011,0.3688662350177765,0.487099826335907,-0.08599909394979477
237,7.9,0.5884693264961243,0.45982182025909424,-1.939266098816006e-07,0.5602053999900818,0.4526771306991577,-0.11739085614681244,0.49611806869506836,0.4433201551437378,-0.1555531919002533,0.4331973195075989,0.45120614767074585,-0.16957326233386993,0.3728467524051666,0.46060529351234436,-0.17811311781406403,0.4631972908973694,0.3811730444431305,-0.08873503655195236,0.38279062509536743,0.40044429898262024,-0.13780005276203156,0.3409431576728821,0.4231702387332916,-0.18177682161331177,0.3058162033557892,0.4449267089366913,-0.20837275683879852,0.44429251551628113,0.4020315408706665,-0.03954176977276802,0.36150071024894714,0.4218829572200775,-0.09354797005653381,0.33080554008483887,0.4512639343738556,-0.1420964151620865,0.30955249071121216,0.4774152636528015,-0.16969719529151917,0.42841124534606934,0.42299312353134155,-0.0017655874835327268,0.3635629117488861,0.44197872281074524,-0.057375695556402206,0.3552689552307129,0.468041330575943,-0.1038416177034378,0.3487984836101532,0.4850372076034546,-0.12541714310646057,0.41756221652030945,0.43979471921920776,0.02789177931845188,0.3793463706970215,0.45584285259246826,-0.02246539294719696,0.37424176931381226,0.4739285409450531,-0.06143910437822342,0.36939868330955505,0.48615747690200806,-0.0829051285982132
238,7.933333333333334,0.5870871543884277,0.46037065982818604,-1.994723248799346e-07,0.5588503479957581,0.452958345413208,-0.11969887465238571,0.49422359466552734,0.44330719113349915,-0.15804676711559296,0.4315321147441864,0.4511054754257202,-0.17129731178283691,0.3703214228153229,0.45996180176734924,-0.17863453924655914,0.4625787138938904,0.38073432445526123,-0.0917372852563858,0.38231462240219116,0.40091076493263245,-0.1428396850824356,0.34067338705062866,0.42429643869400024,-0.18759913742542267,0.3054066002368927,0.4460810124874115,-0.21426551043987274,0.44402649998664856,0.4016807973384857,-0.04144716635346413,0.3598248064517975,0.42127618193626404,-0.09833819419145584,0.32978278398513794,0.45094260573387146,-0.1474323272705078,0.30900847911834717,0.4771580100059509,-0.17460858821868896,0.42766812443733215,0.4227261543273926,-0.002816213993355632,0.3623891770839691,0.44179901480674744,-0.06143632531166077,0.3559602200984955,0.4681498408317566,-0.1086643859744072,0.35046252608299255,0.48478400707244873,-0.1298227459192276,0.4154820144176483,0.4393260180950165,0.027672579512000084,0.3769664466381073,0.4558241367340088,-0.02534945122897625,0.37394583225250244,0.4742792844772339,-0.0655403658747673,0.3708297908306122,0.48632460832595825,-0.08725986629724503
239,7.966666666666667,0.5875663757324219,0.4610201120376587,-2.139314574378659e-07,0.5601208209991455,0.4537297189235687,-0.1198016107082367,0.4951043426990509,0.4439333975315094,-0.15825782716274261,0.43224993348121643,0.45120537281036377,-0.17123296856880188,0.3700910806655884,0.4594051241874695,-0.17845438420772552,0.4647623300552368,0.3822246193885803,-0.09530802816152573,0.3837660849094391,0.40002870559692383,-0.14621762931346893,0.34108883142471313,0.4229993522167206,-0.19107021391391754,0.3053809404373169,0.4452117085456848,-0.2180444449186325,0.44588249921798706,0.40266725420951843,-0.04456101730465889,0.3614256680011749,0.4223436713218689,-0.10006435215473175,0.32986611127853394,0.4522898495197296,-0.148404061794281,0.30866479873657227,0.47896498441696167,-0.17599941790103912,0.42906099557876587,0.4232891798019409,-0.00517882127314806,0.36296752095222473,0.44203808903694153,-0.06204836443066597,0.35445117950439453,0.4683489501476288,-0.10829294472932816,0.34797537326812744,0.485282838344574,-0.12984740734100342,0.4172057509422302,0.4393825829029083,0.026003245264291763,0.3780458867549896,0.4558713734149933,-0.02646559663116932,0.3754851520061493,0.4741872549057007,-0.0659887045621872,0.3733239769935608,0.48613160848617554,-0.08764373511075974
240,8.0,0.5884150266647339,0.4610423445701599,-1.84463431196491e-07,0.5609891414642334,0.45351094007492065,-0.11929907649755478,0.4964967966079712,0.44373226165771484,-0.15815423429012299,0.43339648842811584,0.4511864483356476,-0.17211075127124786,0.37136295437812805,0.45957595109939575,-0.18051104247570038,0.46517324447631836,0.38225728273391724,-0.09301505237817764,0.38478875160217285,0.4000714123249054,-0.14326152205467224,0.3424752652645111,0.42311394214630127,-0.18777921795845032,0.3072553873062134,0.4452573359012604,-0.21462678909301758,0.44564664363861084,0.4030790328979492,-0.04287450760602951,0.3612850308418274,0.42164766788482666,-0.09806487709283829,0.32854896783828735,0.45087969303131104,-0.14716699719429016,0.306019127368927,0.47723788022994995,-0.1753801703453064,0.42856132984161377,0.424093097448349,-0.004151936154812574,0.3627479076385498,0.4421337842941284,-0.0610877200961113,0.3535592555999756,0.4684774577617645,-0.10852144658565521,0.34705260396003723,0.4858602285385132,-0.13079796731472015,0.4166008234024048,0.44060206413269043,0.02645222283899784,0.3765294849872589,0.4560970067977905,-0.02544458955526352,0.37230315804481506,0.4744825065135956,-0.06529927998781204,0.3690420389175415,0.4870876967906952,-0.08744978904724121
241,8.033333333333333,0.5902339220046997,0.4607500433921814,-1.850606707876068e-07,0.5614514350891113,0.45243752002716064,-0.11886147409677505,0.4957979619503021,0.4430321455001831,-0.15621843934059143,0.4324444830417633,0.4504631459712982,-0.16868531703948975,0.37110209465026855,0.45836809277534485,-0.17515085637569427,0.46584489941596985,0.38149407505989075,-0.08990977704524994,0.38558655977249146,0.39964601397514343,-0.13890613615512848,0.344120055437088,0.42252877354621887,-0.18267080187797546,0.30931663513183594,0.44418755173683167,-0.20914942026138306,0.4465000629425049,0.4033152461051941,-0.039872363209724426,0.3613995909690857,0.42138293385505676,-0.09341620653867722,0.3296549618244171,0.45019522309303284,-0.14241865277290344,0.30830541253089905,0.47593456506729126,-0.17092347145080566,0.42957842350006104,0.42492902278900146,-0.0015001095598563552,0.3624802529811859,0.44204628467559814,-0.057590171694755554,0.3524969816207886,0.46866676211357117,-0.10629331320524216,0.34585946798324585,0.4865027964115143,-0.1296803206205368,0.41788774728775024,0.4417489469051361,0.02875933051109314,0.376919150352478,0.45635998249053955,-0.022784210741519928,0.37053799629211426,0.4744529128074646,-0.06388046592473984,0.36602023243904114,0.48736533522605896,-0.08724299818277359
242,8.066666666666666,0.5900735259056091,0.46013927459716797,-1.840798802277277e-07,0.5602165460586548,0.45193782448768616,-0.11741466820240021,0.49453726410865784,0.44290322065353394,-0.15437021851539612,0.43089762330055237,0.4502396583557129,-0.16720125079154968,0.3696626126766205,0.45810073614120483,-0.1743936836719513,0.4660116136074066,0.3820384442806244,-0.08621586114168167,0.386478066444397,0.39968568086624146,-0.13446542620658875,0.3445240259170532,0.4228798747062683,-0.17875419557094574,0.31066569685935974,0.44529059529304504,-0.20603734254837036,0.4466310441493988,0.403889536857605,-0.037391308695077896,0.36181676387786865,0.4216914176940918,-0.08995600044727325,0.32951444387435913,0.45083087682724,-0.14024418592453003,0.3092358112335205,0.47706303000450134,-0.17011131346225739,0.4300016462802887,0.4253644049167633,-0.00029592387727461755,0.3629165589809418,0.4419277012348175,-0.05564333498477936,0.3484029471874237,0.4686310887336731,-0.10627277195453644,0.3393818140029907,0.487507164478302,-0.13146333396434784,0.419453889131546,0.44207581877708435,0.028761615976691246,0.37797507643699646,0.4566689133644104,-0.023039335384964943,0.3702251613140106,0.47478732466697693,-0.06535205990076065,0.36583253741264343,0.4883957505226135,-0.08981607109308243
243,8.1,0.5897474884986877,0.4601729214191437,-1.8249150457450014e-07,0.5600374937057495,0.4517159163951874,-0.11940807849168777,0.4940877854824066,0.44254904985427856,-0.15809421241283417,0.43097516894340515,0.4500024914741516,-0.17252154648303986,0.36917561292648315,0.4580969214439392,-0.18132583796977997,0.4652964174747467,0.3815629184246063,-0.08895814418792725,0.3850603699684143,0.40031448006629944,-0.1404186487197876,0.3444945514202118,0.42451271414756775,-0.1867409646511078,0.31101804971694946,0.4478415846824646,-0.2146841138601303,0.4462073743343353,0.40317773818969727,-0.03954770416021347,0.36168816685676575,0.42218977212905884,-0.09560704231262207,0.33018845319747925,0.45181140303611755,-0.1470428705215454,0.30936169624328613,0.4786674976348877,-0.17692871391773224,0.42959609627723694,0.42456334829330444,-0.0020816863980144262,0.3632737100124359,0.4422191381454468,-0.059575654566287994,0.3515281081199646,0.4683596193790436,-0.10939483344554901,0.34377753734588623,0.4864633083343506,-0.1333944946527481,0.41803961992263794,0.4411983788013458,0.02713329717516899,0.3772611916065216,0.4566305875778198,-0.025267165154218674,0.37190330028533936,0.47471410036087036,-0.06665182113647461,0.36844009160995483,0.48748716711997986,-0.09005292505025864
244,8.133333333333333,0.5883892774581909,0.4595576226711273,-1.855254510019222e-07,0.5605042576789856,0.4515489637851715,-0.12079623341560364,0.49487072229385376,0.44272786378860474,-0.16115392744541168,0.4313076138496399,0.45002058148384094,-0.17717711627483368,0.3685484230518341,0.45756152272224426,-0.18791113793849945,0.4663163423538208,0.38167548179626465,-0.09374187886714935,0.38522911071777344,0.40017789602279663,-0.1457682102918625,0.3439646065235138,0.42462286353111267,-0.1920284777879715,0.3100299835205078,0.44834280014038086,-0.2199709564447403,0.44702836871147156,0.4025193154811859,-0.04387712851166725,0.36241936683654785,0.4221116900444031,-0.101242296397686,0.3306913375854492,0.45246121287345886,-0.1528712958097458,0.31046217679977417,0.479979932308197,-0.18278710544109344,0.4298592209815979,0.4234606623649597,-0.005700038280338049,0.36420363187789917,0.4417044222354889,-0.06417559087276459,0.35242530703544617,0.4684178829193115,-0.11398544162511826,0.3455309271812439,0.48721352219581604,-0.13777635991573334,0.41766157746315,0.43995001912117004,0.024216925725340843,0.37692922353744507,0.4557587206363678,-0.028544459491968155,0.3708012104034424,0.47412386536598206,-0.06981600821018219,0.36690783500671387,0.4874221682548523,-0.09308594465255737
245,8.166666666666666,0.5871014595031738,0.45956677198410034,-1.5786567075792846e-07,0.5615225434303284,0.45132768154144287,-0.12107492238283157,0.49629417061805725,0.4422471523284912,-0.1636328250169754,0.43267926573753357,0.4499012529850006,-0.18227846920490265,0.3698316216468811,0.4580650329589844,-0.19594590365886688,0.46687790751457214,0.38129469752311707,-0.0954875499010086,0.38623401522636414,0.40029510855674744,-0.14964841306209564,0.34544554352760315,0.4245513677597046,-0.19757094979286194,0.3112208843231201,0.44814103841781616,-0.22664973139762878,0.44597557187080383,0.40200385451316833,-0.04663689434528351,0.3627467453479767,0.42118367552757263,-0.10654781758785248,0.33139264583587646,0.45184117555618286,-0.15861248970031738,0.3110887110233307,0.4798831045627594,-0.1885155737400055,0.4283532202243805,0.4231162667274475,-0.009480501525104046,0.36369749903678894,0.44098177552223206,-0.06967364996671677,0.35206663608551025,0.4677218198776245,-0.11805537343025208,0.34519273042678833,0.4868817627429962,-0.14067931473255157,0.4160086214542389,0.4399104416370392,0.019274724647402763,0.37743544578552246,0.4550667405128479,-0.03404044359922409,0.37348315119743347,0.473341166973114,-0.07387680560350418,0.3708658516407013,0.4864542484283447,-0.0960041955113411
246,8.2,0.5870489478111267,0.4594540596008301,-1.647272398486166e-07,0.5611297488212585,0.45117658376693726,-0.12525618076324463,0.4946957528591156,0.44203320145606995,-0.16784615814685822,0.4308006167411804,0.45001330971717834,-0.18489104509353638,0.3688133955001831,0.45940881967544556,-0.19636332988739014,0.46636196970939636,0.38088762760162354,-0.10001492500305176,0.384924054145813,0.39951658248901367,-0.15639683604240417,0.3449328541755676,0.42512527108192444,-0.20505927503108978,0.31248611211776733,0.4493196904659271,-0.2338532954454422,0.44555291533470154,0.4018648862838745,-0.04850185289978981,0.3604927659034729,0.420927494764328,-0.11032046377658844,0.3312182128429413,0.4525914192199707,-0.16239319741725922,0.3136295974254608,0.4807199537754059,-0.1914379596710205,0.4277847707271576,0.4229583144187927,-0.009129175916314125,0.3621276617050171,0.44061172008514404,-0.07109923660755157,0.3527429699897766,0.4675333499908447,-0.12002590298652649,0.3479567766189575,0.4857103228569031,-0.1422390341758728,0.41510480642318726,0.43928828835487366,0.021659770980477333,0.3760235607624054,0.4547700881958008,-0.033075638115406036,0.37420517206192017,0.4730839133262634,-0.07353804260492325,0.37455326318740845,0.4856765866279602,-0.09552855044603348
247,8.233333333333333,0.5866265296936035,0.4598090648651123,-1.7519377593089303e-07,0.5618700981140137,0.45128360390663147,-0.12210948020219803,0.4961738586425781,0.4417560398578644,-0.16489167511463165,0.4323803782463074,0.44947969913482666,-0.18303917348384857,0.36987534165382385,0.458848774433136,-0.195821151137352,0.4676453471183777,0.38051196932792664,-0.09757298976182938,0.38757961988449097,0.39946481585502625,-0.15442480146884918,0.34694385528564453,0.42457202076911926,-0.2036890983581543,0.31354451179504395,0.4487767219543457,-0.23275147378444672,0.44576695561408997,0.4013475775718689,-0.048151351511478424,0.3619065284729004,0.41885921359062195,-0.11011616885662079,0.33149582147598267,0.449585497379303,-0.16207987070083618,0.3108901381492615,0.47811225056648254,-0.19096624851226807,0.4273577332496643,0.4225696325302124,-0.010581454262137413,0.362516850233078,0.439634770154953,-0.07145711034536362,0.3525387942790985,0.4659383296966553,-0.11828683316707611,0.34486767649650574,0.48419785499572754,-0.1393779069185257,0.41445547342300415,0.4394756555557251,0.018549464643001556,0.3748895525932312,0.45435211062431335,-0.03369438648223877,0.3714219927787781,0.4725825786590576,-0.07164651900529861,0.3681480288505554,0.4854563772678375,-0.09225460141897202
248,8.266666666666667,0.5872694253921509,0.45888566970825195,-1.97683860392317e-07,0.5603626370429993,0.4515756368637085,-0.1251116394996643,0.49407514929771423,0.4426444172859192,-0.1664694845676422,0.4309315085411072,0.4498695135116577,-0.18166662752628326,0.36913320422172546,0.4585195481777191,-0.1911688596010208,0.4665961265563965,0.3806675374507904,-0.10049692541360855,0.38441750407218933,0.40001949667930603,-0.15527291595935822,0.34372973442077637,0.4258207380771637,-0.20293499529361725,0.31142371892929077,0.450153648853302,-0.23092049360275269,0.44680291414260864,0.401498943567276,-0.04775805398821831,0.3613837659358978,0.42099446058273315,-0.10811343789100647,0.3321366012096405,0.4526858925819397,-0.15975269675254822,0.31548595428466797,0.48094817996025085,-0.1885164976119995,0.42878469824790955,0.4222831428050995,-0.0068197958171367645,0.3630425035953522,0.4405955672264099,-0.06687409430742264,0.3553219437599182,0.46713921427726746,-0.11569898575544357,0.35267266631126404,0.48463892936706543,-0.13798877596855164,0.4153258204460144,0.4382706582546234,0.02559516206383705,0.37538251280784607,0.4541526138782501,-0.027532663196325302,0.3743930757045746,0.4722473919391632,-0.06765909492969513,0.3765747845172882,0.4845687448978424,-0.08944664150476456
249,8.3,0.588772177696228,0.4611128866672516,-2.0608102602182043e-07,0.5628693103790283,0.45163217186927795,-0.12044596672058105,0.49678054451942444,0.4417668879032135,-0.16129429638385773,0.43231910467147827,0.4493865370750427,-0.17750880122184753,0.37062549591064453,0.4584999978542328,-0.18834149837493896,0.47051459550857544,0.38098520040512085,-0.09517638385295868,0.3903732895851135,0.3990773558616638,-0.15074506402015686,0.34855884313583374,0.42294687032699585,-0.19985972344875336,0.314100980758667,0.4469286799430847,-0.22911062836647034,0.44841405749320984,0.40173250436782837,-0.045964956283569336,0.3647911846637726,0.420058012008667,-0.10660289973020554,0.3339569568634033,0.45078349113464355,-0.15819959342479706,0.3139095902442932,0.47931042313575745,-0.18697459995746613,0.4293578863143921,0.4226848781108856,-0.008443113416433334,0.36485835909843445,0.43995794653892517,-0.06806305050849915,0.3559871315956116,0.4655199646949768,-0.11433876305818558,0.35039135813713074,0.4834359586238861,-0.13505448400974274,0.41607797145843506,0.43954065442085266,0.020620986819267273,0.3772786259651184,0.4541735351085663,-0.031466055661439896,0.37491872906684875,0.4719710052013397,-0.06919761747121811,0.3735307455062866,0.4849463403224945,-0.0893750935792923
250,8.333333333333334,0.5886147022247314,0.4595710039138794,-2.3762949297179148e-07,0.5616049766540527,0.45123669505119324,-0.12266238033771515,0.49535539746284485,0.4419920742511749,-0.1629784256219864,0.43230995535850525,0.4492987096309662,-0.17763905227184296,0.3715488910675049,0.45724016427993774,-0.18670494854450226,0.47051942348480225,0.38051894307136536,-0.10036570578813553,0.389177143573761,0.39962801337242126,-0.15591996908187866,0.34773552417755127,0.42468419671058655,-0.2043473869562149,0.31398218870162964,0.4490484297275543,-0.23313333094120026,0.4500240087509155,0.4013843536376953,-0.049587368965148926,0.3654223680496216,0.4206691384315491,-0.1091068685054779,0.33451879024505615,0.451814204454422,-0.16098979115486145,0.3157060146331787,0.479939341545105,-0.19087634980678558,0.43145668506622314,0.4219854772090912,-0.010395998135209084,0.36540305614471436,0.4400727450847626,-0.06960859149694443,0.35518747568130493,0.46631091833114624,-0.11850292980670929,0.3502366542816162,0.48441168665885925,-0.14181242883205414,0.41866669058799744,0.43825268745422363,0.020276719704270363,0.37902891635894775,0.45384886860847473,-0.03329654783010483,0.37562984228134155,0.47194215655326843,-0.0740586370229721,0.3748289942741394,0.4853106439113617,-0.09678798168897629
251,8.366666666666667,0.5920604467391968,0.46058523654937744,-2.439293211864424e-07,0.564301609992981,0.4506828784942627,-0.12064488977193832,0.4990650415420532,0.44037145376205444,-0.16009967029094696,0.4361746609210968,0.44744420051574707,-0.17476437985897064,0.37581098079681396,0.45541760325431824,-0.18394361436367035,0.47327256202697754,0.3803303837776184,-0.09528368711471558,0.39347752928733826,0.39875486493110657,-0.15187682211399078,0.3510834574699402,0.4228460490703583,-0.20183394849300385,0.3158525824546814,0.4471064805984497,-0.231577530503273,0.452563613653183,0.40153267979621887,-0.04581872373819351,0.36950138211250305,0.42120566964149475,-0.10639304667711258,0.3384867012500763,0.4519820213317871,-0.1587669402360916,0.31827062368392944,0.4797888398170471,-0.18860697746276855,0.43450695276260376,0.42212700843811035,-0.008246279321610928,0.3696118891239166,0.4403325021266937,-0.06794190406799316,0.3585682809352875,0.46596869826316833,-0.11579855531454086,0.35204216837882996,0.48402509093284607,-0.1380385309457779,0.4222211241722107,0.4386180341243744,0.020739857107400894,0.38370269536972046,0.4539662003517151,-0.032515354454517365,0.3792620301246643,0.4717244505882263,-0.07231275737285614,0.37633660435676575,0.4847652316093445,-0.0941406786441803
252,8.4,0.5912870764732361,0.4597964286804199,-2.447645783831831e-07,0.5656723976135254,0.45034119486808777,-0.12059123814105988,0.5016307830810547,0.440284788608551,-0.16180825233459473,0.43940481543540955,0.44725412130355835,-0.17864090204238892,0.377520352602005,0.45345160365104675,-0.19009093940258026,0.4742399752140045,0.3793065845966339,-0.09697140008211136,0.3942062258720398,0.3981223404407501,-0.15486137568950653,0.35249629616737366,0.42319628596305847,-0.20503880083560944,0.3179631233215332,0.44811582565307617,-0.2347596436738968,0.45394736528396606,0.3999769687652588,-0.04844728484749794,0.3711647093296051,0.4204394221305847,-0.11001429706811905,0.3397866487503052,0.45097070932388306,-0.1621159166097641,0.31853926181793213,0.47865140438079834,-0.19171024858951569,0.4359680712223053,0.4206461012363434,-0.011868803761899471,0.37163791060447693,0.44010230898857117,-0.07242320477962494,0.360493004322052,0.4648904502391815,-0.11933954060077667,0.35298630595207214,0.48188313841819763,-0.1410634070634842,0.4237048327922821,0.43732860684394836,0.01611669920384884,0.3855220377445221,0.45433396100997925,-0.0384126640856266,0.3815787732601166,0.4721132516860962,-0.0780930146574974,0.378243088722229,0.4845362603664398,-0.09969967603683472
253,8.433333333333334,0.5892226099967957,0.45825377106666565,-2.3318169439789926e-07,0.5679709911346436,0.44929593801498413,-0.12459389120340347,0.5047746300697327,0.4389979839324951,-0.16874293982982635,0.4428916573524475,0.44623368978500366,-0.18740332126617432,0.3807009160518646,0.4527546167373657,-0.20028473436832428,0.4742740988731384,0.37728747725486755,-0.10532872378826141,0.39592182636260986,0.39784523844718933,-0.16893061995506287,0.35451242327690125,0.42329123616218567,-0.22172293066978455,0.3189895749092102,0.44778046011924744,-0.25235041975975037,0.4531540274620056,0.39797455072402954,-0.05639372766017914,0.37024760246276855,0.4181796908378601,-0.12342682480812073,0.3404480814933777,0.4491614103317261,-0.17570006847381592,0.3189873993396759,0.47661668062210083,-0.20415587723255157,0.43428942561149597,0.41870713233947754,-0.01978476718068123,0.3714711666107178,0.43880265951156616,-0.08507437258958817,0.3647098243236542,0.46421438455581665,-0.1300324648618698,0.35811614990234375,0.4802086353302002,-0.1491614133119583,0.42114871740341187,0.43580225110054016,0.007945089600980282,0.38446077704429626,0.45333215594291687,-0.048466756939888,0.3825909495353699,0.47170528769493103,-0.08635437488555908,0.3788853585720062,0.48376166820526123,-0.10604606568813324
254,8.466666666666667,0.5919960737228394,0.45876315236091614,-2.1734146571361634e-07,0.5711402893066406,0.44707438349723816,-0.12389865517616272,0.5066043138504028,0.4365023970603943,-0.16698849201202393,0.44351473450660706,0.4448753893375397,-0.1849726289510727,0.3806779682636261,0.45058584213256836,-0.19691422581672668,0.47753509879112244,0.37549084424972534,-0.10060269385576248,0.4003261923789978,0.3957251012325287,-0.163983553647995,0.358652800321579,0.4201376736164093,-0.21622487902641296,0.3210619390010834,0.44372570514678955,-0.24630488455295563,0.4554451107978821,0.3967922031879425,-0.051812026649713516,0.37251418828964233,0.41704264283180237,-0.12046577781438828,0.34275609254837036,0.4482446610927582,-0.17262692749500275,0.3192712664604187,0.47558918595314026,-0.19983604550361633,0.4366708993911743,0.41845715045928955,-0.01557832770049572,0.3747488856315613,0.43849509954452515,-0.08283858001232147,0.36987707018852234,0.4633888304233551,-0.1268337219953537,0.3625944256782532,0.4786195755004883,-0.14388220012187958,0.4233270585536957,0.43662405014038086,0.011933318339288235,0.3877205550670624,0.4533773362636566,-0.04522428661584854,0.38731351494789124,0.4708717167377472,-0.08204085379838943,0.38351312279701233,0.4811534881591797,-0.10011383146047592
255,8.5,0.5917626619338989,0.45776474475860596,-2.2372235264356277e-07,0.5712524056434631,0.4477458596229553,-0.12323452532291412,0.5076908469200134,0.4368600845336914,-0.16689561307430267,0.44591793417930603,0.4441085159778595,-0.18589787185192108,0.38399994373321533,0.4486226737499237,-0.19892507791519165,0.4798847734928131,0.3745623230934143,-0.10006316006183624,0.40204834938049316,0.3943813741207123,-0.16396364569664001,0.360787034034729,0.4195166528224945,-0.21651916205883026,0.3242044448852539,0.4436042904853821,-0.24649649858474731,0.457466721534729,0.39583200216293335,-0.05196760967373848,0.3751452565193176,0.4138306975364685,-0.12026172876358032,0.3443307876586914,0.4442199170589447,-0.17305490374565125,0.3192838430404663,0.4711253046989441,-0.20082665979862213,0.4382997751235962,0.41712141036987305,-0.016405757516622543,0.3771944046020508,0.43584924936294556,-0.08308333158493042,0.3706193268299103,0.4609125852584839,-0.1279451847076416,0.36202505230903625,0.4764726161956787,-0.14592409133911133,0.4250844717025757,0.4347865581512451,0.010458307340741158,0.3899424374103546,0.4514291286468506,-0.04596695303916931,0.386875718832016,0.46947309374809265,-0.08340796083211899,0.3805728554725647,0.48098045587539673,-0.10227783024311066
256,8.533333333333333,0.5919791460037231,0.457000732421875,-1.977693955268478e-07,0.572600245475769,0.4464937150478363,-0.12546586990356445,0.5082434415817261,0.4354642629623413,-0.1700514853000641,0.4451829791069031,0.442851722240448,-0.18916191160678864,0.3820737600326538,0.44799211621284485,-0.2024993747472763,0.4792807102203369,0.37381789088249207,-0.10346075147390366,0.4019644260406494,0.3949386179447174,-0.16687683761119843,0.36105096340179443,0.41937682032585144,-0.2195209562778473,0.32469111680984497,0.442693293094635,-0.25003376603126526,0.4568670690059662,0.39450520277023315,-0.05429001897573471,0.3750983476638794,0.41334962844848633,-0.12204767018556595,0.34477755427360535,0.44323790073394775,-0.17460262775421143,0.3214269280433655,0.47006508708000183,-0.202809140086174,0.438320130109787,0.4157223701477051,-0.01761079952120781,0.3776281177997589,0.4348212480545044,-0.0838681161403656,0.37007689476013184,0.459705650806427,-0.12868109345436096,0.3614705801010132,0.47536611557006836,-0.1471787691116333,0.4251265823841095,0.43384361267089844,0.010173697955906391,0.390350341796875,0.4509757459163666,-0.046611931174993515,0.3870530128479004,0.46881747245788574,-0.0842537209391594,0.38087254762649536,0.47992655634880066,-0.10351336002349854
257,8.566666666666666,0.5943111181259155,0.45742857456207275,-1.801366948939176e-07,0.5755512714385986,0.44517359137535095,-0.12464754283428192,0.511909544467926,0.433287650346756,-0.16836117208003998,0.44886884093284607,0.44093093276023865,-0.1868608146905899,0.3857309818267822,0.44638144969940186,-0.1994965672492981,0.47987380623817444,0.37359488010406494,-0.0997668132185936,0.40353697538375854,0.3939794898033142,-0.16291798651218414,0.3620868921279907,0.41781750321388245,-0.21554380655288696,0.3257024884223938,0.44065913558006287,-0.24592511355876923,0.4580875337123871,0.39441630244255066,-0.050988562405109406,0.3768221437931061,0.4127148389816284,-0.11824644356966019,0.34641629457473755,0.4417906701564789,-0.1703898310661316,0.3229699730873108,0.46803927421569824,-0.198107048869133,0.44002166390419006,0.41572538018226624,-0.015053581446409225,0.37912458181381226,0.434271901845932,-0.0808163732290268,0.3713982403278351,0.4586612582206726,-0.12530405819416046,0.36196428537368774,0.4739082455635071,-0.14349578320980072,0.4269295036792755,0.43397536873817444,0.011944427154958248,0.3917057514190674,0.4504213333129883,-0.04431016743183136,0.38774925470352173,0.4679749011993408,-0.08173539489507675,0.38037386536598206,0.4787542223930359,-0.1008535623550415
258,8.6,0.5946872234344482,0.4564517140388489,-1.8100460863479384e-07,0.5756504535675049,0.4453985393047333,-0.12557901442050934,0.5131140351295471,0.4331527650356293,-0.1698608249425888,0.4512697160243988,0.4399741291999817,-0.1890527456998825,0.3886311650276184,0.44445309042930603,-0.20253443717956543,0.48091745376586914,0.3720318377017975,-0.0988701656460762,0.40334904193878174,0.39369872212409973,-0.16104379296302795,0.36211082339286804,0.41859832406044006,-0.2131219506263733,0.32718467712402344,0.44188192486763,-0.24321386218070984,0.4594533145427704,0.3924853801727295,-0.04985608160495758,0.3774029612541199,0.41064590215682983,-0.11643442511558533,0.34666597843170166,0.44032469391822815,-0.16935710608959198,0.32346078753471375,0.46691974997520447,-0.19773603975772858,0.4413413405418396,0.413723886013031,-0.013757256790995598,0.37897735834121704,0.43203428387641907,-0.07941330969333649,0.3698205351829529,0.45773425698280334,-0.125443235039711,0.36042478680610657,0.4739510118961334,-0.14479807019233704,0.42837128043174744,0.4317345917224884,0.013380388729274273,0.39247190952301025,0.4481411874294281,-0.043353039771318436,0.3873624801635742,0.4663892090320587,-0.08216015249490738,0.3798861801624298,0.47819361090660095,-0.10233452171087265
259,8.633333333333333,0.5971859097480774,0.4564253091812134,-2.3004122340353206e-07,0.5779942274093628,0.444928377866745,-0.12173222750425339,0.5139489769935608,0.4329173266887665,-0.16334547102451324,0.4503868520259857,0.4396885335445404,-0.17955055832862854,0.3875730037689209,0.444575697183609,-0.18941999971866608,0.4852282702922821,0.3709430396556854,-0.09935350716114044,0.40628066658973694,0.39232009649276733,-0.16167224943637848,0.3647269010543823,0.417459636926651,-0.2132619470357895,0.32839494943618774,0.440474271774292,-0.2429090440273285,0.4631118178367615,0.39220619201660156,-0.05122559890151024,0.37997496128082275,0.40914618968963623,-0.11654695868492126,0.3485044538974762,0.43790972232818604,-0.1673160046339035,0.32249733805656433,0.46376699209213257,-0.19458074867725372,0.44368427991867065,0.4138546586036682,-0.015464374795556068,0.38155508041381836,0.43230727314949036,-0.07948905229568481,0.3762573301792145,0.4564964771270752,-0.12257568538188934,0.3673895597457886,0.4708729684352875,-0.1403348445892334,0.42964547872543335,0.43193352222442627,0.011621866375207901,0.39428141713142395,0.44902363419532776,-0.04410187900066376,0.3912914991378784,0.46682029962539673,-0.08109080791473389,0.38372206687927246,0.47759881615638733,-0.09996388107538223
260,8.666666666666666,0.595565915107727,0.45574015378952026,-1.7111139527514752e-07,0.5786993503570557,0.445139616727829,-0.12593631446361542,0.5166406035423279,0.43269842863082886,-0.17188698053359985,0.454429566860199,0.4385284185409546,-0.19273097813129425,0.3911043405532837,0.442338764667511,-0.20776857435703278,0.4856266379356384,0.3698484003543854,-0.1015142872929573,0.4064261019229889,0.39166170358657837,-0.1657155156135559,0.36518359184265137,0.41730621457099915,-0.2192440927028656,0.32996419072151184,0.44086146354675293,-0.25018784403800964,0.4625404179096222,0.3912249803543091,-0.05305574834346771,0.37882569432258606,0.40735378861427307,-0.12162892520427704,0.34757885336875916,0.43639954924583435,-0.17581579089164734,0.3226466774940491,0.46269965171813965,-0.2049725353717804,0.4430096447467804,0.41283637285232544,-0.017350006848573685,0.38041096925735474,0.43034401535987854,-0.08437663316726685,0.3726828098297119,0.4555438756942749,-0.13032396137714386,0.363569974899292,0.4712764322757721,-0.1495479941368103,0.4291359782218933,0.4306633472442627,0.009411167353391647,0.39336538314819336,0.4471643269062042,-0.04783681407570839,0.3888019919395447,0.4655020236968994,-0.08631245791912079,0.38067081570625305,0.47711509466171265,-0.10625011473894119
261,8.7,0.5976046323776245,0.4545241594314575,-1.4705942419368512e-07,0.5784412622451782,0.4445498585700989,-0.12392769008874893,0.5175665616989136,0.4326041042804718,-0.16937512159347534,0.4562612473964691,0.4377491772174835,-0.19053062796592712,0.39258506894111633,0.4407041668891907,-0.20660364627838135,0.48463618755340576,0.36962777376174927,-0.09553660452365875,0.4087302088737488,0.3930646777153015,-0.15503348410129547,0.3678814172744751,0.41745316982269287,-0.20778600871562958,0.3320804238319397,0.43946126103401184,-0.2395808845758438,0.4624474048614502,0.3905409574508667,-0.04758008196949959,0.3824179172515869,0.40687793493270874,-0.11046816408634186,0.35010308027267456,0.43494659662246704,-0.1638529747724533,0.32326966524124146,0.46034252643585205,-0.19432780146598816,0.44476768374443054,0.4123060405254364,-0.01216677762567997,0.38386884331703186,0.4292653501033783,-0.07331462949514389,0.37077999114990234,0.45364341139793396,-0.11838837713003159,0.3569175899028778,0.46917593479156494,-0.13913922011852264,0.43277475237846375,0.43070873618125916,0.01416301541030407,0.397729754447937,0.4463216960430145,-0.03844064846634865,0.3896164894104004,0.464194655418396,-0.0754237174987793,0.3781036138534546,0.4756845533847809,-0.09576307982206345
262,8.733333333333333,0.5973846316337585,0.4551813006401062,-1.4166711537200172e-07,0.5817691683769226,0.44276779890060425,-0.12222790718078613,0.5222338438034058,0.4302855432033539,-0.16814939677715302,0.4607400596141815,0.4360896646976471,-0.19046960771083832,0.3966434895992279,0.43877628445625305,-0.20750483870506287,0.48676982522010803,0.369424045085907,-0.09541778266429901,0.41090747714042664,0.39029449224472046,-0.15630708634853363,0.3701852560043335,0.4139036238193512,-0.2084868997335434,0.33331865072250366,0.43585634231567383,-0.2395135760307312,0.46420353651046753,0.38996776938438416,-0.04899008572101593,0.38478195667266846,0.4072609841823578,-0.1132456585764885,0.35276567935943604,0.43504664301872253,-0.16450189054012299,0.3250901997089386,0.45990124344825745,-0.1928405910730362,0.44597774744033813,0.41161420941352844,-0.0152802225202322,0.38540738821029663,0.4291402995586395,-0.07790569216012955,0.3739989995956421,0.45313993096351624,-0.11996319890022278,0.3598821759223938,0.46822863817214966,-0.1379442662000656,0.43327590823173523,0.43001729249954224,0.009364294819533825,0.39908459782600403,0.44576790928840637,-0.04409395903348923,0.3926016688346863,0.46346521377563477,-0.07920019328594208,0.38131603598594666,0.474373996257782,-0.09753762930631638
263,8.766666666666667,0.5967699289321899,0.45473000407218933,-8.806659934634808e-08,0.5823400020599365,0.44163045287132263,-0.12570400536060333,0.5235033631324768,0.42906415462493896,-0.17440065741539001,0.4612775444984436,0.4353015124797821,-0.1993018090724945,0.3964932858943939,0.4386545419692993,-0.21923477947711945,0.4879697263240814,0.36916959285736084,-0.09939494729042053,0.41234299540519714,0.3894333839416504,-0.1626322716474533,0.371194064617157,0.41316309571266174,-0.21624541282653809,0.3340747356414795,0.43552181124687195,-0.24809116125106812,0.46497642993927,0.389605313539505,-0.05239501968026161,0.3852202296257019,0.4063069224357605,-0.11980979889631271,0.35231390595436096,0.4337526559829712,-0.17316517233848572,0.3246757984161377,0.45892807841300964,-0.2026863843202591,0.44673144817352295,0.41134217381477356,-0.01840435154736042,0.3859030306339264,0.4284675717353821,-0.08393079042434692,0.3732847273349762,0.452735036611557,-0.12747126817703247,0.3593200445175171,0.46865230798721313,-0.1460893303155899,0.43352463841438293,0.4302535355091095,0.006296387407928705,0.3992363214492798,0.4457814693450928,-0.04926631972193718,0.39195895195007324,0.46338510513305664,-0.08559685200452805,0.3807693421840668,0.4745219945907593,-0.10475754737854004
264,8.8,0.5989314317703247,0.45540907979011536,-1.4077319576699665e-07,0.5828604698181152,0.4418630599975586,-0.12398143857717514,0.5227474570274353,0.42850956320762634,-0.1695658415555954,0.4597475826740265,0.4343995451927185,-0.19078050553798676,0.39644506573677063,0.43759557604789734,-0.20650464296340942,0.49079379439353943,0.36854949593544006,-0.09820742905139923,0.4156348407268524,0.3882973790168762,-0.16126185655593872,0.3738989531993866,0.41184404492378235,-0.21439428627490997,0.3358575105667114,0.43394267559051514,-0.24566081166267395,0.4670678973197937,0.3887629508972168,-0.05098966509103775,0.38613635301589966,0.4043278694152832,-0.11791540682315826,0.3534048795700073,0.43204715847969055,-0.17019835114479065,0.32599377632141113,0.4571114182472229,-0.19848105311393738,0.44763246178627014,0.4101986885070801,-0.016601577401161194,0.3864601254463196,0.4268539249897003,-0.08196002244949341,0.37509697675704956,0.4513668417930603,-0.12509721517562866,0.36165517568588257,0.46686020493507385,-0.14286532998085022,0.4336153268814087,0.4292680621147156,0.008701936341822147,0.39920055866241455,0.444807231426239,-0.04696640744805336,0.3920033872127533,0.4627300500869751,-0.08324763923883438,0.3804433047771454,0.47390180826187134,-0.10192091763019562
265,8.833333333333334,0.6008349657058716,0.4547702968120575,-1.4182603536028182e-07,0.5818012356758118,0.4414302110671997,-0.1240069717168808,0.5216270685195923,0.42820465564727783,-0.16909489035606384,0.45915237069129944,0.4336415231227875,-0.1900622397661209,0.3961489796638489,0.43664973974227905,-0.2054954171180725,0.4910680949687958,0.3670453131198883,-0.09326744079589844,0.4141855239868164,0.388195276260376,-0.15472370386123657,0.37232059240341187,0.41270631551742554,-0.2073397934436798,0.33536428213119507,0.43493154644966125,-0.23819641768932343,0.46791785955429077,0.38784679770469666,-0.045581068843603134,0.3857422471046448,0.40326231718063354,-0.11182570457458496,0.35344234108924866,0.4309033155441284,-0.16532766819000244,0.32698172330856323,0.4560313820838928,-0.19409026205539703,0.4489251673221588,0.40960678458213806,-0.010956446640193462,0.3874399662017822,0.4262641966342926,-0.07622694969177246,0.37646180391311646,0.4505144953727722,-0.12187854945659637,0.3640665113925934,0.4657632112503052,-0.1409003734588623,0.43519529700279236,0.4285007119178772,0.014673963189125061,0.39972883462905884,0.44424575567245483,-0.041145216673612595,0.391756534576416,0.4620964229106903,-0.07936661690473557,0.3801279067993164,0.4732315242290497,-0.09927648305892944
266,8.866666666666667,0.6056364178657532,0.4562869369983673,-1.431319418543353e-07,0.5801416039466858,0.4412881135940552,-0.11846297234296799,0.5210278034210205,0.42704054713249207,-0.15829618275165558,0.46038299798965454,0.4311339855194092,-0.1760631799697876,0.39877843856811523,0.4315231442451477,-0.18844102323055267,0.48918238282203674,0.3677883744239807,-0.07441812008619308,0.41344064474105835,0.38783198595046997,-0.13039007782936096,0.371107280254364,0.41121235489845276,-0.18225766718387604,0.3351912796497345,0.43263009190559387,-0.21332505345344543,0.46952182054519653,0.38930872082710266,-0.02865276299417019,0.38988226652145386,0.40423932671546936,-0.08903099596500397,0.3554835915565491,0.42998582124710083,-0.14471909403800964,0.3271208703517914,0.4536294639110565,-0.176141619682312,0.45426568388938904,0.4111146032810211,0.003593384986743331,0.39316803216934204,0.42679399251937866,-0.057472262531518936,0.3750752806663513,0.45003414154052734,-0.10723745077848434,0.35808178782463074,0.4656963646411896,-0.1299005150794983,0.4438835084438324,0.42990729212760925,0.027061864733695984,0.40731653571128845,0.44387519359588623,-0.02651352249085903,0.3935374915599823,0.46088504791259766,-0.06706348806619644,0.3777182996273041,0.4723322093486786,-0.08925629407167435
